time_s,control_delay_ms,manual_delay_ms,camera_delay_ms
0.0,13.982644826935372,13.982644826935372,28.27483499905629
0.05,11.855316606740336,11.855316606740336,25.19020907977349
0.1,11.77959224971632,11.77959224971632,25.080408762088663
0.15000000000000002,12.593711043089588,12.593711043089588,26.260881012479903
0.2,16.835493751212795,16.835493751212795,32.41146593925855
0.25,14.421771111795046,14.421771111795046,28.911568112102817
0.30000000000000004,13.655816589120544,13.655816589120544,27.800934054224786
0.35000000000000003,12.020528716072109,12.020528716072109,25.429766638304557
0.4,12.320312266708672,12.320312266708672,25.864452786727576
0.45,13.43783203270013,13.43783203270013,27.48485644741519
0.5,11.714320226784693,11.714320226784693,24.985764328837806
0.55,10.49983612825158,10.49983612825158,23.22476238596479
0.6000000000000001,17.810693439084137,17.810693439084137,33.825505486672
0.65,14.865257962989658,14.865257962989658,29.554624046335004
0.7000000000000001,11.542219782854454,11.542219782854454,24.736218685138958
0.75,14.956520051233221,14.956520051233221,29.68695407428817
0.8,13.01652826997331,13.01652826997331,26.873965991461297
0.8500000000000001,13.095293736628747,13.095293736628747,26.988175918111683
0.9,9.988709996704234,9.988709996704234,22.48362949522114
0.9500000000000001,15.624472045214878,15.624472045214878,30.65548446556157
1.0,6.709818818179799,6.709818818179799,17.729237286360707
1.05,13.163596510651802,13.163596510651802,27.08721494044511
1.1,11.508305904951168,11.508305904951168,24.687043562179195
1.1500000000000001,14.137025083230716,14.137025083230716,28.49868637068454
1.2000000000000002,14.385336266222989,14.385336266222989,28.858737586023334
1.25,13.76430300618352,13.76430300618352,27.958239358966104
1.3,9.755723027379391,9.755723027379391,22.14579838970012
1.35,10.787373604594341,10.787373604594341,23.641691726661794
1.4000000000000001,9.090306533302211,9.090306533302211,21.180944473288207
1.4500000000000002,11.92774228307684,11.92774228307684,25.29522631046142
1.5,14.798607108346573,14.798607108346573,29.457980307102527
1.55,12.43085834746223,12.43085834746223,26.02474460382023
1.6,11.977165481620895,11.977165481620895,25.3668899483503
1.6500000000000001,13.716174595936897,13.716174595936897,27.888453164108498
1.7000000000000002,12.473819396474155,12.473819396474155,26.087038124887528
1.75,9.92557359436094,9.92557359436094,22.392081711823366
1.8,10.820669182495852,10.820669182495852,23.689970314618986
1.85,10.647887121378448,10.647887121378448,23.43943632599875
1.9000000000000001,10.391775702968813,10.391775702968813,23.068074769304776
1.9500000000000002,12.138333658596414,12.138333658596414,25.6005838049648
2.0,7.057509708535063,7.057509708535063,18.23338907737584
2.0500000000000003,10.43071386387443,10.43071386387443,23.124535102617923
2.1,16.389020982584228,16.389020982584228,31.764080424747128
2.15,16.389020982584228,16.389020982584228,31.764080424747128
2.2,14.9379621385971,14.9379621385971,29.660045100965796
2.25,13.306275636123715,13.306275636123715,27.29409967237939
2.3000000000000003,16.11864785836643,16.11864785836643,31.37203939463132
2.35,13.301488899129899,13.301488899129899,27.287158903738355
2.4000000000000004,12.564437635696619,12.564437635696619,26.218434571760096
2.45,12.888742856242525,12.888742856242525,26.68867714155166
2.5,10.459129191726456,10.459129191726456,23.16573732800336
2.5500000000000003,8.03765881771541,8.03765881771541,19.654605285687346
2.6,13.369819332742132,13.369819332742132,27.38623803247609
2.6500000000000004,13.003863693685544,13.003863693685544,26.855602355844038
2.7,13.981825841775278,13.981825841775278,28.27364747057415
2.75,16.214562395335278,16.214562395335278,31.511115473236153
2.8000000000000003,11.879291298380556,11.879291298380556,25.224972382651806
2.85,11.705014986646306,11.705014986646306,24.972271730637143
2.9000000000000004,13.663921352050433,13.663921352050433,27.81268596047313
2.95,10.569922012969116,10.569922012969116,23.326386918805216
3.0,10.38822294543105,10.38822294543105,23.06292327087502
3.0500000000000003,11.853780872412582,11.853780872412582,25.187982264998244
3.1,12.106913557183095,12.106913557183095,25.55502465791549
3.1500000000000004,15.643698583139777,15.643698583139777,30.683362945552677
3.2,10.402922868312475,10.402922868312475,23.084238159053086
3.25,13.48539547317114,13.48539547317114,27.553823436098153
3.3000000000000003,15.312371644814538,15.312371644814538,30.20293888498108
3.35,10.957133705519404,10.957133705519404,23.88784387300314
3.4000000000000004,13.785730416558403,13.785730416558403,27.989309104009685
3.45,13.025550922523301,13.025550922523301,26.887048837658785
3.5,16.044065957683753,16.044065957683753,31.26389563864144
3.5500000000000003,13.58929085374253,13.58929085374253,27.704471737926667
3.6,16.816681651797595,16.816681651797595,32.38418839510651
3.6500000000000004,12.360553166057166,12.360553166057166,25.92280209078289
3.7,450.0,450.0,660.5
3.75,13.749255432141632,13.749255432141632,27.936420376605366
3.8000000000000003,16.849735379134703,16.849735379134703,32.432116299745324
3.85,7.243650459695263,7.243650459695263,18.503293166558134
3.9000000000000004,10.973520242387798,10.973520242387798,23.911604351462305
3.95,450.0,450.0,660.5
4.0,13.089417991014937,13.089417991014937,26.97965608697166
4.05,13.089417991014937,13.089417991014937,26.97965608697166
4.1000000000000005,10.11788067562114,10.11788067562114,22.670926979650652
4.15,16.104779505503295,16.104779505503295,31.35193028297978
4.2,11.244948453282836,11.244948453282836,24.30517525726011
4.25,12.443373388949402,12.443373388949402,26.042891413976633
4.3,12.443373388949402,12.443373388949402,26.042891413976633
4.3500000000000005,13.072613354914912,13.072613354914912,26.95528936462662
4.4,14.045090786319191,14.045090786319191,28.365381640162827
4.45,13.79009785570798,13.79009785570798,27.995641890776568
4.5,8.723292340933316,8.723292340933316,20.648773894353308
4.55,8.723292340933316,8.723292340933316,20.648773894353308
4.6000000000000005,10.365611587270305,10.365611587270305,23.030136801541943
4.65,10.426087163365988,10.426087163365988,23.117826386880683
4.7,14.897711443816547,14.897711443816547,29.601681593533993
4.75,10.902593726924563,10.902593726924563,23.808760904040614
4.800000000000001,11.966333496576517,11.966333496576517,25.35118357003595
4.8500000000000005,14.765878831296906,14.765878831296906,29.410524305380513
4.9,11.827211373379356,11.827211373379356,25.149456491400066
4.95,13.525744301240287,13.525744301240287,27.612329236798416
5.0,13.060886289942035,13.060886289942035,26.93828512041595
5.050000000000001,11.430361130357351,11.430361130357351,24.574023639018158
5.1000000000000005,11.72027498862008,11.72027498862008,24.994398733499114
5.15,13.361192252731325,13.361192252731325,27.37372876646042
5.2,15.577861693765485,15.577861693765485,30.587899455959953
5.25,13.192317110708597,13.192317110708597,27.128859810527466
5.300000000000001,12.00641397646086,12.00641397646086,25.409300265868247
5.3500000000000005,14.284807540524179,14.284807540524179,28.712970933760058
5.4,12.470571993922102,12.470571993922102,26.08232939118705
5.45,13.396951114337009,13.396951114337009,27.42557911578866
5.5,10.198853377912569,10.198853377912569,22.788337397973223
5.550000000000001,12.764460213953454,12.764460213953454,26.508467310232508
5.6000000000000005,14.060544981739406,14.060544981739406,28.38779022352214
5.65,16.794958759560075,16.794958759560075,32.3526902013621
5.7,11.74891450874237,11.74891450874237,25.035926037676436
5.75,11.700026346762629,11.700026346762629,24.965038202805808
5.800000000000001,15.61921541375345,15.61921541375345,30.647862349942503
5.8500000000000005,9.996663687721078,9.996663687721078,22.495162347195564
5.9,13.114542149141476,13.114542149141476,27.016086116255142
5.95,13.894763855990487,13.894763855990487,28.147407591186205
6.0,14.901683998750542,14.901683998750542,29.607441798188283
6.050000000000001,15.99415873951062,15.99415873951062,31.1915301722904
6.1000000000000005,17.260305067170425,17.260305067170425,33.02744234739711
6.15,11.010113275281963,11.010113275281963,23.964664249158847
6.2,12.180940157426427,12.180940157426427,25.66236322826832
6.25,8.828104725856736,8.828104725856736,20.80075185249227
6.300000000000001,13.404063643880086,13.404063643880086,27.43589228362612
6.3500000000000005,15.512568012505321,15.512568012505321,30.493223618132713
6.4,15.2187997505327,15.2187997505327,30.067259638272414
6.45,450.0,450.0,660.5
6.5,19.158653982770762,19.158653982770762,35.7800482750176
6.550000000000001,13.157661987438352,13.157661987438352,27.07860988178561
6.6000000000000005,10.472627646745105,10.472627646745105,23.1853100877804
6.65,16.563435553399287,16.563435553399287,32.016981552428966
6.7,450.0,450.0,660.5
6.75,12.818177886416011,12.818177886416011,26.58635793530322
6.800000000000001,8.383424511484536,8.383424511484536,20.155965541652574
6.8500000000000005,13.639359829267267,13.639359829267267,27.77707175243754
6.9,11.56876429392111,11.56876429392111,24.77470822618561
6.95,450.0,450.0,660.5
7.0,13.308619173519535,13.308619173519535,27.297497801603324
7.050000000000001,8.656260486294217,8.656260486294217,20.551577705126615
7.1000000000000005,15.832712155375486,15.832712155375486,30.957432625294455
7.15,16.583787033715907,16.583787033715907,32.04649119888807
7.2,450.0,450.0,660.5
7.25,11.777885853307437,11.777885853307437,25.077934487295785
7.300000000000001,15.691825295888334,15.691825295888334,30.753146679038085
7.3500000000000005,12.190203765297582,12.190203765297582,25.675795459681495
7.4,8.694416306496308,8.694416306496308,20.606903644419646
7.45,12.82844535451823,12.82844535451823,26.60124576405143
7.5,9.841259832984337,9.841259832984337,22.269826757827285
7.550000000000001,14.335723951030403,14.335723951030403,28.786799728994083
7.6000000000000005,450.0,450.0,660.5
7.65,10.11719475547871,10.11719475547871,22.66993239544413
7.7,13.593390011744694,13.593390011744694,27.710415517029805
7.75,11.77708148227209,11.77708148227209,25.07676814929453
7.800000000000001,13.02747713259987,13.02747713259987,26.88984184226981
7.8500000000000005,13.140966757622907,13.140966757622907,27.054401798553215
7.9,12.344989432406111,12.344989432406111,25.900234676988863
7.95,10.717355327733877,10.717355327733877,23.54016522521412
8.0,89.5727956803173,89.5727956803173,137.8805537364601
8.05,89.55112319697899,89.55112319697899,137.84912863561954
8.1,89.55112319697899,89.55112319697899,137.84912863561954
8.15,96.37892625206905,96.37892625206905,147.74944306550012
8.200000000000001,89.59153338644848,89.59153338644848,137.9077234103503
8.25,89.25184821867005,89.25184821867005,137.41517991707158
8.3,96.69133551796772,96.69133551796772,148.2024365010532
8.35,96.69133551796772,96.69133551796772,148.2024365010532
8.4,84.34885850873601,84.34885850873601,130.30584483766722
8.450000000000001,86.81105765357405,86.81105765357405,133.87603359768238
8.5,97.80457171495016,97.80457171495016,149.81662898667776
8.55,97.42287808583674,97.42287808583674,149.2631732244633
8.6,97.42287808583674,97.42287808583674,149.2631732244633
8.65,90.91230696536458,90.91230696536458,139.82284509977862
8.700000000000001,100.07674498677456,100.07674498677456,153.11128023082313
8.75,91.91917651496657,91.91917651496657,141.2828059467015
8.8,84.53848230618749,84.53848230618749,130.58079934397185
8.85,84.53848230618749,84.53848230618749,130.58079934397185
8.9,96.80962781807139,96.80962781807139,148.37396033620354
8.950000000000001,96.36751392404132,96.36751392404132,147.7328951898599
9.0,94.66489803994794,94.66489803994794,145.26410215792453
9.05,95.13979619256159,95.13979619256159,145.9527044792143
9.1,95.13979619256159,95.13979619256159,145.9527044792143
9.15,86.13523591810404,86.13523591810404,132.89609208125086
9.200000000000001,88.11853320047474,88.11853320047474,135.7718731406884
9.25,83.95478777818403,83.95478777818403,129.73444227836683
9.3,88.51898031255328,88.51898031255328,136.35252145320226
9.35,88.51898031255328,88.51898031255328,136.35252145320226
9.4,94.87473910871493,94.87473910871493,145.5683717076367
9.450000000000001,91.94279325579429,91.94279325579429,141.3170502209017
9.5,95.98764381922862,95.98764381922862,147.1820835378815
9.55,93.7741072820754,93.7741072820754,143.97245555900935
9.600000000000001,85.97680698268262,85.97680698268262,132.6663701248898
9.65,86.22238103420132,86.22238103420132,133.0224524995919
9.700000000000001,450.0,450.0,660.5
9.75,90.9041365750152,90.9041365750152,139.81099803377202
9.8,90.63043802762603,90.63043802762603,139.41413514005777
9.850000000000001,95.68754837939848,95.68754837939848,146.7469451501278
9.9,100.15062910490542,100.15062910490542,153.21841220211286
9.950000000000001,450.0,450.0,660.5
10.0,100.43714276788326,100.43714276788326,153.63385701343074
10.05,96.55097195981794,96.55097195981794,147.998909341736
10.100000000000001,89.71337514103541,89.71337514103541,138.08439395450137
10.15,90.8500320483277,90.8500320483277,139.73254647007516
10.200000000000001,80.00926747038649,80.00926747038649,124.01343783206039
10.25,88.746298505912,88.746298505912,136.68213283357238
10.3,98.46440846343963,98.46440846343963,150.77339227198746
10.350000000000001,99.59205474645643,99.59205474645643,152.40847938236183
10.4,90.05131222103596,90.05131222103596,138.57440272050215
10.450000000000001,97.54189775382052,97.54189775382052,149.43575174303976
10.5,87.43377102741631,87.43377102741631,134.77896798975368
10.55,85.16140788939752,85.16140788939752,131.48404143962642
10.600000000000001,93.65330343643576,93.65330343643576,143.79728998283187
10.65,91.23748973462111,91.23748973462111,140.29436011520062
10.700000000000001,91.6749537934743,91.6749537934743,140.92868300053775
10.75,95.24152608264922,95.24152608264922,146.10021281984137
10.8,89.63219725310626,89.63219725310626,137.96668601700406
10.850000000000001,95.76209774124302,95.76209774124302,146.8550417248024
10.9,98.0421523732829,98.0421523732829,150.1611209412602
10.950000000000001,92.00546893422305,92.00546893422305,141.40792995462343
11.0,89.85577622241473,89.85577622241473,138.29087552250138
11.05,93.73470212207863,93.73470212207863,143.915318077014
11.100000000000001,88.78764625544422,88.78764625544422,136.74208707039412
11.15,89.01200369272965,89.01200369272965,137.067405354458
11.200000000000001,92.55137707465207,92.55137707465207,142.19949675824552
11.25,91.39173188027988,91.39173188027988,140.51801122640583
11.3,88.10785611465917,88.10785611465917,135.7563913662558
11.350000000000001,85.00064118953992,85.00064118953992,131.25092972483287
11.4,100.88194576103604,100.88194576103604,154.27882135350225
11.450000000000001,96.93401955927557,96.93401955927557,148.55432836094957
11.5,100.0458022194274,100.0458022194274,153.0664132181697
11.55,93.59148485973358,93.59148485973358,143.7076530466137
11.600000000000001,103.46128659353684,103.46128659353684,158.01886556062843
11.65,92.05194918649846,92.05194918649846,141.4753263204228
11.700000000000001,91.53812805891945,91.53812805891945,140.7302856854332
11.75,86.73544452164884,86.73544452164884,133.76639455639082
11.8,83.85668459683973,83.85668459683973,129.5921926654176
11.850000000000001,93.65005145450942,93.65005145450942,143.7925746090387
11.9,91.46015984290817,91.46015984290817,140.61723177221685
11.950000000000001,94.59139496390186,94.59139496390186,145.1575226976577
12.0,90.24946142241431,90.24946142241431,138.86171906250075
12.05,93.74381896659698,93.74381896659698,143.92853750156561
12.100000000000001,97.87979551829407,97.87979551829407,149.9257035015264
12.15,96.80088719088957,96.80088719088957,148.3612864267899
12.200000000000001,93.32031584315794,93.32031584315794,143.31445797257902
12.25,88.92603193610513,88.92603193610513,136.94274630735242
12.3,94.39589984501751,94.39589984501751,144.87405477527537
12.350000000000001,92.3300075352183,92.3300075352183,141.87851092606655
12.4,93.92473109382807,93.92473109382807,144.1908600860507
12.450000000000001,91.48651748461961,91.48651748461961,140.65545035269844
12.5,88.57494107333073,88.57494107333073,136.43366455632957
12.55,94.99293631613881,94.99293631613881,145.7397576584013
12.600000000000001,91.85985372741995,91.85985372741995,141.19678790475893
12.65,87.67272948492383,87.67272948492383,135.12545775313956
12.700000000000001,94.2362428412682,94.2362428412682,144.64255211983888
12.75,91.48337989720234,91.48337989720234,140.6509008509434
12.8,84.43778874068647,84.43778874068647,130.4347936739954
12.850000000000001,93.07656131506899,93.07656131506899,142.96101390685004
12.9,89.12083248979174,89.12083248979174,137.225207110198
12.950000000000001,92.7331413596676,92.7331413596676,142.463054971518
13.0,94.22941392873038,94.22941392873038,144.63265019665906
13.05,88.73648968703623,88.73648968703623,136.6679100462025
13.100000000000001,89.90524058471247,89.90524058471247,138.36259884783308
13.15,94.54565077362581,94.54565077362581,145.09119362175744
13.200000000000001,96.68667633849853,96.68667633849853,148.19568069082285
13.25,96.27796154736299,96.27796154736299,147.60304424367635
13.3,96.39308187465885,96.39308187465885,147.76996871825534
13.350000000000001,92.43522393267557,92.43522393267557,142.03107470237958
13.4,89.86161516698631,89.86161516698631,138.29934199213014
13.450000000000001,92.80465885969586,92.80465885969586,142.56675534655903
13.5,91.36028527684638,91.36028527684638,140.47241365142727
13.55,88.64847832172411,88.64847832172411,136.54029356649997
13.600000000000001,92.95796484659702,92.95796484659702,142.78904902756568
13.65,92.02142468908785,92.02142468908785,141.4310657991774
13.700000000000001,93.90407488438211,93.90407488438211,144.16090858235407
13.75,92.87307318050239,92.87307318050239,142.66595611172846
13.8,102.42183439761287,102.42183439761287,156.51165987653866
13.850000000000001,95.21334502899573,95.21334502899573,146.0593502920438
13.9,96.25387319284314,96.25387319284314,147.56811612962255
13.950000000000001,94.96635861230223,94.96635861230223,145.70121998783821
14.0,95.25106498248013,95.25106498248013,146.1140442245962
14.05,95.83361003669842,95.83361003669842,146.9587345532127
14.100000000000001,91.80016823435479,91.80016823435479,141.11024393981444
14.15,86.3768441167273,86.3768441167273,133.2464239692546
14.200000000000001,84.68834635717441,84.68834635717441,130.79810221790288
14.25,89.84558024568857,89.84558024568857,138.2760913562484
14.3,92.61353844160006,92.61353844160006,142.2896307403201
14.350000000000001,99.58999590165716,99.58999590165716,152.4054940574029
14.4,91.24827048383658,91.24827048383658,140.30999220156303
14.450000000000001,94.48981625188638,94.48981625188638,145.01023356523524
14.5,90.69973407922379,90.69973407922379,139.51461441487447
14.55,89.96767618892191,89.96767618892191,138.4531304739368
14.600000000000001,97.4819522813091,97.4819522813091,149.3488308078982
14.65,95.79975047360936,95.79975047360936,146.9096381867336
14.700000000000001,93.8716799866977,93.8716799866977,144.11393598071166
14.75,88.92628864892515,88.92628864892515,136.9431185409415
14.8,90.06708533814877,90.06708533814877,138.59727374031573
14.850000000000001,99.01336318756306,99.01336318756306,151.56937662196643
14.9,95.38351494954179,95.38351494954179,146.3060966768356
14.950000000000001,94.26708823074544,94.26708823074544,144.68727793458092
15.0,91.0385794865633,91.0385794865633,140.0059402555168
15.05,94.52270649069614,94.52270649069614,145.0579244115094
15.100000000000001,95.0691009752173,95.0691009752173,145.85019641406507
15.15,89.4459782269494,89.4459782269494,137.69666842907665
15.200000000000001,88.68319133991574,88.68319133991574,136.59062744287783
15.25,86.64434923366738,86.64434923366738,133.63430638881772
15.3,97.47860118665233,97.47860118665233,149.34397172064587
15.350000000000001,99.74732129867887,99.74732129867887,152.63361588308436
15.4,94.03619174335022,94.03619174335022,144.35247802785784
15.450000000000001,92.94487013473568,92.94487013473568,142.77006169536673
15.5,84.83531585820454,84.83531585820454,131.01120799439659
15.55,96.35803265981602,96.35803265981602,147.71914735673323
15.600000000000001,88.58319356778719,88.58319356778719,136.44563067329145
15.65,90.46211795313039,90.46211795313039,139.17007103203906
15.700000000000001,93.28663372438601,93.28663372438601,143.26561890035973
15.75,89.23296294713913,89.23296294713913,137.38779627335174
15.8,96.88338726480337,96.88338726480337,148.4809115339649
15.850000000000001,97.46546498038087,97.46546498038087,149.32492422155227
15.9,86.57755025168353,86.57755025168353,133.53744786494113
15.950000000000001,99.97450314380532,99.97450314380532,152.96302955851772
16.0,12.333076838456714,12.333076838456714,25.88296141576223
16.05,8.86803953704218,8.86803953704218,20.858657328711157
16.1,15.208501670672902,15.208501670672902,30.052327422475706
16.150000000000002,12.240563064627949,12.240563064627949,25.748816443710524
16.2,12.240563064627949,12.240563064627949,25.748816443710524
16.25,11.016327977108485,11.016327977108485,23.9736755668073
16.3,12.248642112349243,12.248642112349243,25.760531062906402
16.35,11.156828767785166,11.156828767785166,24.177401713288493
16.400000000000002,9.251765222285535,9.251765222285535,21.41505957231402
16.45,9.251765222285535,9.251765222285535,21.41505957231402
16.5,8.720362354416704,8.720362354416704,20.64452541390422
16.55,10.20732370287048,10.20732370287048,22.8006193691622
16.6,12.56485367875426,12.56485367875426,26.219037834193674
16.650000000000002,13.508005472666285,13.508005472666285,27.586607935366114
16.7,13.508005472666285,13.508005472666285,27.586607935366114
16.75,11.193367096048869,11.193367096048869,24.23038228927086
16.8,13.360819909581293,13.360819909581293,27.373188868892875
16.85,11.688190501274347,11.688190501274347,24.947876226847804
16.900000000000002,13.511534027885077,13.511534027885077,27.59172434043336
16.95,13.511534027885077,13.511534027885077,27.59172434043336
17.0,13.7751907222105,13.7751907222105,27.974026547205224
17.05,8.395426858337494,8.395426858337494,20.173368944589367
17.1,11.590044838104484,11.590044838104484,24.805565015251503
17.150000000000002,16.224854419719566,16.224854419719566,31.526038908593375
17.2,16.224854419719566,16.224854419719566,31.526038908593375
17.25,13.65944716617822,13.65944716617822,27.806198390958418
17.3,11.04545496678773,11.04545496678773,24.015909701842208
17.35,14.541335459274137,14.541335459274137,29.084936415947496
17.400000000000002,9.794675621226391,9.794675621226391,22.202279650778266
17.45,9.794675621226391,9.794675621226391,22.202279650778266
17.5,15.698636661318874,15.698636661318874,30.763023158912365
17.55,14.322356952656522,14.322356952656522,28.767417581351957
17.6,11.721475155396334,11.721475155396334,24.996138975324683
17.650000000000002,12.847663818728988,12.847663818728988,26.62911253715703
17.7,12.847663818728988,12.847663818728988,26.62911253715703
17.75,7.776988674371951,7.776988674371951,19.27663357783933
17.8,18.12023196899671,18.12023196899671,34.27433635504523
17.85,9.351772901210197,9.351772901210197,21.560070706754782
17.900000000000002,14.51892122411563,14.51892122411563,29.052435774967662
17.95,14.51892122411563,14.51892122411563,29.052435774967662
18.0,7.508918900714306,7.508918900714306,18.88793240603574
18.05,13.58593929569203,13.58593929569203,27.699611978753442
18.1,15.306310434576748,15.306310434576748,30.194150130136283
18.150000000000002,14.01322556180207,14.01322556180207,28.319177064613005
18.2,14.01322556180207,14.01322556180207,28.319177064613005
18.25,12.518082239576268,12.518082239576268,26.151219247385587
18.3,10.832896079567043,10.832896079567043,23.70769931537221
18.35,14.678405025673396,14.678405025673396,29.28368728722642
18.400000000000002,8.990789287975197,8.990789287975197,21.036644467564038
18.45,8.990789287975197,8.990789287975197,21.036644467564038
18.5,14.818890846188499,14.818890846188499,29.487391726973325
18.55,12.37377275713825,12.37377275713825,25.94197049785046
18.6,12.580184511613876,12.580184511613876,26.24126754184012
18.650000000000002,12.071368295238155,12.071368295238155,25.503484028095325
18.7,12.071368295238155,12.071368295238155,25.503484028095325
18.75,9.676834104315265,9.676834104315265,22.031409451257133
18.8,12.352923828653289,12.352923828653289,25.91173955154727
18.85,13.51762937655876,13.51762937655876,27.600562596010207
18.900000000000002,14.129386515350944,14.129386515350944,28.48761044725887
18.95,14.129386515350944,14.129386515350944,28.48761044725887
19.0,11.313273274388028,11.313273274388028,24.40424624786264
19.05,8.72991134467872,8.72991134467872,20.658371449784145
19.1,12.62508285661762,12.62508285661762,26.30637014209555
19.150000000000002,15.611110401529722,15.611110401529722,30.636110082218096
19.200000000000003,12.307155574839479,12.307155574839479,25.845375583517242
19.25,13.497135055933803,13.497135055933803,27.570845831104016
19.3,7.956381652654128,7.956381652654128,19.536753396348487
19.35,16.60340125252385,16.60340125252385,32.074931816159584
19.400000000000002,10.636165068034625,10.636165068034625,23.422439348650204
19.450000000000003,16.02184173457985,16.02184173457985,31.231670515140785
19.5,14.240254901810925,14.240254901810925,28.648369607625842
19.55,10.903180914804238,10.903180914804238,23.809612326466144
19.6,14.829155510678008,14.829155510678008,29.50227549048311
19.650000000000002,16.720475120533962,16.720475120533962,32.24468892477425
19.700000000000003,16.104697935278345,16.104697935278345,31.351812006153597
19.75,11.903109424008777,11.903109424008777,25.259508664812728
19.8,12.38962955235275,12.38962955235275,25.964962850911483
19.85,10.735152328517348,10.735152328517348,23.565970876350153
19.900000000000002,13.486743701424384,13.486743701424384,27.555778367065358
19.950000000000003,450.0,450.0,660.5
20.0,9.343427146570107,9.343427146570107,21.547969362526654
20.05,11.13378397813534,11.13378397813534,24.14398676829624
20.1,10.255339715717216,10.255339715717216,22.870242587789964
20.150000000000002,6.792648433343003,6.792648433343003,17.84934022834735
20.200000000000003,10.762806654883763,10.762806654883763,23.606069649581457
20.25,11.062741274407323,11.062741274407323,24.04097484789062
20.3,11.324356222947749,11.324356222947749,24.420316523274238
20.35,13.13144792638805,13.13144792638805,27.040599493262672
20.400000000000002,13.419200470005718,13.419200470005718,27.45784068150829
20.450000000000003,12.182728632513063,12.182728632513063,25.664956517143942
20.5,12.624367817114816,12.624367817114816,26.305333334816485
20.55,13.700868744006204,13.700868744006204,27.866259678808994
20.6,13.288310802092186,13.288310802092186,27.26805066303367
20.650000000000002,14.30426059075906,14.30426059075906,28.741177856600636
20.700000000000003,15.247494128356795,15.247494128356795,30.108866486117353
20.75,13.650762078341316,13.650762078341316,27.79360501359491
20.8,450.0,450.0,660.5
20.85,13.818057298593645,13.818057298593645,28.036183082960786
20.900000000000002,13.433069563383889,13.433069563383889,27.47795086690664
20.950000000000003,11.494971639033116,11.494971639033116,24.667708876598017
21.0,11.471097379873353,11.471097379873353,24.633091200816363
21.05,12.79779293470863,12.79779293470863,26.556799755327514
21.1,10.850290928258108,10.850290928258108,23.732921845974257
21.150000000000002,14.52431973027561,14.52431973027561,29.060263608899636
21.200000000000003,15.51402836176077,15.51402836176077,30.495341124553118
21.25,12.265560382369662,12.265560382369662,25.78506255443601
21.3,12.907507474501278,12.907507474501278,26.715885838026853
21.35,12.369488798200488,12.369488798200488,25.93575875739071
21.400000000000002,13.777625428095254,13.777625428095254,27.977556870738116
21.450000000000003,450.0,450.0,660.5
21.5,12.412881521701063,12.412881521701063,25.998678206466543
21.55,8.933901810202977,8.933901810202977,20.954157624794316
21.6,11.337211301580256,11.337211301580256,24.43895638729137
21.650000000000002,16.419265795638065,16.419265795638065,31.80793540367519
21.700000000000003,11.28729443522084,11.28729443522084,24.366576931070217
21.75,12.968152389976076,12.968152389976076,26.80382096546531
21.8,14.53203314743102,14.53203314743102,29.071448063774977
21.85,12.005756339452528,12.005756339452528,25.408346692206166
21.900000000000002,13.030626028770822,13.030626028770822,26.894407741717693
21.950000000000003,9.084650568767929,9.084650568767929,21.172743324713498
22.0,13.5488219876377,13.5488219876377,27.64579188207466
22.05,14.047257807136983,14.047257807136983,28.368523820348624
22.1,16.00384640182206,16.00384640182206,31.205577282641986
22.150000000000002,12.07864123599398,12.07864123599398,25.51402979219127
22.200000000000003,13.015177388502561,13.015177388502561,26.87200721332871
22.25,11.667128174817652,11.667128174817652,24.917335853485596
22.3,16.265427373175275,16.265427373175275,31.58486969110415
22.35,8.91635242600626,8.91635242600626,20.928711017709073
22.400000000000002,9.818226953745388,9.818226953745388,22.23642908293081
22.450000000000003,8.6540760922807,8.6540760922807,20.548410333807016
22.5,9.863502599907267,9.863502599907267,22.302078769865535
22.55,15.85733020261411,15.85733020261411,30.993128793790458
22.6,17.10820652289494,17.10820652289494,32.80689945819766
22.650000000000002,12.136654214077522,12.136654214077522,25.598148610412405
22.700000000000003,450.0,450.0,660.5
22.75,13.973246184156052,13.973246184156052,28.261206967026276
22.8,15.239677842625234,15.239677842625234,30.09753287180659
22.85,12.55180706221794,12.55180706221794,26.20012024021601
22.900000000000002,12.886707568565203,12.886707568565203,26.68572597441954
22.950000000000003,450.0,450.0,660.5
23.0,15.935895261676041,15.935895261676041,31.107048129430257
23.05,12.305494101602125,12.305494101602125,25.842966447323082
23.1,17.372044144394728,17.372044144394728,33.18946400937235
23.150000000000002,12.191299846282453,12.191299846282453,25.677384777109555
23.200000000000003,9.321264489552666,9.321264489552666,21.51583350985137
23.25,17.22221065257131,17.22221065257131,32.9722054462284
23.3,11.684323905881643,11.684323905881643,24.942269663528382
23.35,12.986436881186,12.986436881186,26.830333477719698
23.400000000000002,12.121987475504413,12.121987475504413,25.5768818394814
23.450000000000003,13.40120488120706,13.40120488120706,27.431747077750238
23.5,13.92939573341988,13.92939573341988,28.197623813458826
23.55,11.151879800880053,11.151879800880053,24.170225711276075
23.6,12.112769695044454,12.112769695044454,25.56351605781446
23.650000000000002,7.647915455305483,7.647915455305483,19.08947741019295
23.700000000000003,10.324784576363413,10.324784576363413,22.970937635726948
23.75,15.37470065990816,15.37470065990816,30.293315956866834
23.8,12.746486496465865,12.746486496465865,26.4824054198755
23.85,14.21806200680792,14.21806200680792,28.61618990987148
23.900000000000002,13.14466258977797,13.14466258977797,27.059760755178058
23.950000000000003,13.130313861112638,13.130313861112638,27.038955098613325
24.0,174.58242573450684,174.58242573450684,261.14451731503493
24.05,171.92050357386162,171.92050357386162,257.28473018209934
24.1,185.47216395922405,185.47216395922405,276.9346377408749
24.150000000000002,181.0102679567412,181.0102679567412,270.46488853727476
24.200000000000003,178.42101144341916,178.42101144341916,266.7104665929578
24.25,184.25872513798902,184.25872513798902,275.1751514500841
24.3,174.0595445220404,174.0595445220404,260.38633955695855
24.35,169.50132338054567,169.50132338054567,253.77691890179122
24.400000000000002,189.86227622532414,189.86227622532414,283.30030052672
24.450000000000003,450.0,450.0,660.5
24.5,174.5917816614152,174.5917816614152,261.15808340905204
24.55,166.97074936057572,166.97074936057572,250.10758657283478
24.6,178.30830546784887,178.30830546784887,266.5470429283809
24.650000000000002,185.40105478553733,185.40105478553733,276.83152943902917
24.700000000000003,164.0979812988606,164.0979812988606,245.94207288334786
24.75,163.74020691579673,163.74020691579673,245.42330002790527
24.8,185.49983162972893,185.49983162972893,276.97475586310696
24.85,176.24094974450898,176.24094974450898,263.549377129538
24.900000000000002,169.94139543272001,169.94139543272001,254.41502337744404
24.950000000000003,174.93850311373023,174.93850311373023,261.66082951490887
25.0,159.35572525950818,159.35572525950818,239.06580162628686
25.05,179.28574016598182,179.28574016598182,267.96432324067365
25.1,169.6848197937371,169.6848197937371,254.04298870091878
25.150000000000002,159.04225409568897,159.04225409568897,238.61126843874902
25.200000000000003,183.58713510912378,183.58713510912378,274.2013459082295
25.25,177.6526791468335,177.6526791468335,265.5963847629086
25.3,169.74304130277127,169.74304130277127,254.12740988901834
25.35,180.4569754034906,180.4569754034906,269.66261433506133
25.400000000000002,175.36343489348394,175.36343489348394,262.2769805955517
25.450000000000003,165.59312020035748,165.59312020035748,248.1100242905183
25.5,190.2214154287144,190.2214154287144,283.8210523716359
25.55,170.37237530380887,170.37237530380887,255.03994419052285
25.6,170.74786770119698,170.74786770119698,255.5844081667356
25.650000000000002,178.82469874755088,178.82469874755088,267.2958131839488
25.700000000000003,161.85283218216574,161.85283218216574,242.6866066641403
25.75,178.2049913234271,178.2049913234271,266.3972374189693
25.8,172.67673920596124,172.67673920596124,258.3812718486438
25.85,176.9196601079094,176.9196601079094,264.5335071564686
25.900000000000002,162.93419171106032,162.93419171106032,244.25457798103747
25.950000000000003,180.22774903354883,180.22774903354883,269.3302360986458
26.0,173.18338910598257,173.18338910598257,259.1159142036747
26.05,170.72325002876684,170.72325002876684,255.54871254171192
26.1,170.82795934668212,170.82795934668212,255.7005410526891
26.150000000000002,174.4880450826391,174.4880450826391,261.00766536982667
26.200000000000003,183.10262287692177,183.10262287692177,273.49880317153657
26.25,179.13159879736168,179.13159879736168,267.74081825617446
26.3,175.5491091935606,175.5491091935606,262.54620833066286
26.35,168.5301540593233,168.5301540593233,252.3687233860188
26.400000000000002,178.18760980785606,178.18760980785606,266.3720342213913
26.450000000000003,173.33621302437103,173.33621302437103,259.33750888533797
26.5,183.08069912307658,183.08069912307658,273.46701372846104
26.55,180.7245309660808,180.7245309660808,270.05056990081715
26.6,175.97608008725436,175.97608008725436,263.16531612651886
26.650000000000002,169.00903732417157,169.00903732417157,253.0631041200488
26.700000000000003,184.9500005148826,184.9500005148826,276.17750074657977
26.75,175.73481632775145,175.73481632775145,262.8154836752396
26.8,164.35932445191273,164.35932445191273,246.32102045527347
26.85,173.83488728828928,173.83488728828928,260.06058656801946
26.900000000000002,179.077468588504,179.077468588504,267.6623294533308
26.950000000000003,174.61484240063157,174.61484240063157,261.1915214809158
27.0,177.5829701721697,177.5829701721697,265.49530674964603
27.05,174.07982368924095,174.07982368924095,260.4157443493994
27.1,188.25501126223537,188.25501126223537,280.96976633024127
27.150000000000002,178.2247663832761,178.2247663832761,266.42591125575035
27.200000000000003,160.48962087913858,160.48962087913858,240.70995027475095
27.25,168.75314750895652,168.75314750895652,252.69206388798693
27.3,166.78405991094576,166.78405991094576,249.83688687087133
27.35,162.1164909207944,162.1164909207944,243.06891183515188
27.400000000000002,174.64551815298987,174.64551815298987,261.2360013218353
27.450000000000003,178.1690080534004,178.1690080534004,266.3450616774306
27.5,171.84553188650628,171.84553188650628,257.1760212354341
27.55,166.11930064922313,166.11930064922313,248.87298594137354
27.6,169.49122917446792,169.49122917446792,253.76228230297843
27.650000000000002,166.53253083266955,166.53253083266955,249.47216970737085
27.700000000000003,171.1081525537198,171.1081525537198,256.1068212028937
27.75,178.82670562518055,178.82670562518055,267.2987231565118
27.8,167.48424370457838,167.48424370457838,250.85215337163862
27.85,178.51850445080973,178.51850445080973,266.8518314536741
27.900000000000002,170.84844957709768,170.84844957709768,255.73025188679165
27.950000000000003,153.43706228481645,153.43706228481645,230.48374031298388
28.0,173.09655404786625,173.09655404786625,258.9900033694061
28.05,176.59173910606043,176.59173910606043,264.05802170378763
28.1,178.45784263771824,178.45784263771824,266.7638718246915
28.150000000000002,184.69277497692676,184.69277497692676,275.80452371654377
28.200000000000003,186.1283132644131,186.1283132644131,277.88605423339897
28.25,172.41109657189097,172.41109657189097,257.9960900292419
28.3,183.83391188789636,183.83391188789636,274.5591722374497
28.35,170.56240298223267,170.56240298223267,255.31548432423733
28.400000000000002,170.5576285679375,170.5576285679375,255.3085614235094
28.450000000000003,172.89464442058284,172.89464442058284,258.6972344098451
28.5,178.08153026079196,178.08153026079196,266.2182188781483
28.55,175.56592575627667,175.56592575627667,262.5705923466012
28.6,177.4754200466358,177.4754200466358,265.3393590676219
28.650000000000002,173.18270275511114,173.18270275511114,259.11491899491114
28.700000000000003,450.0,450.0,660.5
28.75,165.16248866257456,165.16248866257456,247.48560856073308
28.8,181.48574037933957,181.48574037933957,271.15432355004236
28.85,177.3475592199365,177.3475592199365,265.1539608689079
28.900000000000002,181.50175203007402,181.50175203007402,271.1775404436073
28.950000000000003,450.0,450.0,660.5
29.0,164.77426980539443,164.77426980539443,246.9226912178219
29.05,175.743215538126,175.743215538126,262.8276625302827
29.1,172.42764799714695,172.42764799714695,258.02008959586306
29.150000000000002,171.62090005596528,171.62090005596528,256.85030508114966
29.200000000000003,182.10148054058214,182.10148054058214,272.04714678384414
29.25,165.4351881503424,165.4351881503424,247.88102281799652
29.3,177.41291700006377,177.41291700006377,265.24872965009246
29.35,157.44908301690958,157.44908301690958,236.3011703745189
29.400000000000002,173.1603479717679,173.1603479717679,259.08250455906347
29.450000000000003,176.08232288727098,176.08232288727098,263.3193681865429
29.5,180.6774132128952,180.6774132128952,269.98224915869804
29.55,193.65463967613408,193.65463967613408,288.79922753039443
29.6,185.87572431676688,185.87572431676688,277.519800259312
29.650000000000002,175.56134794583542,175.56134794583542,262.56395452146137
29.700000000000003,171.70673543342417,171.70673543342417,256.97476637846506
29.75,172.66073712905722,172.66073712905722,258.358068837133
29.8,177.28411096123497,177.28411096123497,265.0619608937907
29.85,179.91914934617483,179.91914934617483,268.8827665519535
29.900000000000002,176.4572485716455,176.4572485716455,263.86301042888596
29.950000000000003,175.2315862881026,175.2315862881026,262.08580011774876
30.0,14.390513656085066,14.390513656085066,28.866244801323344
30.05,22.36196997724221,22.36196997724221,40.424856467001206
30.1,17.384192728501013,17.384192728501013,33.20707945632646
30.150000000000002,12.783132553394957,12.783132553394957,26.53554220242269
30.200000000000003,19.582415205427477,19.582415205427477,36.39450204786984
30.25,17.452613708987037,17.452613708987037,33.30628987803121
30.3,16.772312332585297,16.772312332585297,32.31985288224868
30.35,19.951621487976603,19.951621487976603,36.92985115756607
30.400000000000002,18.725079031084697,18.725079031084697,35.151364595072806
30.450000000000003,16.049677845817527,16.049677845817527,31.272032876435414
30.5,19.541683176994454,19.541683176994454,36.33544060664195
30.55,19.278327375669853,19.278327375669853,35.95357469472129
30.6,21.115027815028014,21.115027815028014,38.61679033179062
30.650000000000002,18.479822064054304,18.479822064054304,34.795741992878746
30.700000000000003,9.657399262447413,9.657399262447413,22.003228930548747
30.75,18.080959038433573,18.080959038433573,34.217390605728674
30.8,18.499884678668263,18.499884678668263,34.824832784068974
30.85,18.51060100534649,18.51060100534649,34.84037145775241
30.900000000000002,19.28662794417623,19.28662794417623,35.96561051905553
30.950000000000003,18.834096581265754,18.834096581265754,35.30944004283534
31.0,16.049128096228813,16.049128096228813,31.27123573953178
31.05,16.376854239866375,16.376854239866375,31.74643864780624
31.1,17.00813122681543,17.00813122681543,32.66179027888237
31.150000000000002,17.06136826029859,17.06136826029859,32.73898397743295
31.200000000000003,17.78387294866774,17.78387294866774,33.78661577556822
31.25,24.098460546332188,24.098460546332188,42.94276779218167
31.3,15.749132316088325,15.749132316088325,30.83624185832807
31.35,21.26730388851055,21.26730388851055,38.8375906383403
31.400000000000002,21.74464571525091,21.74464571525091,39.52973628711382
31.450000000000003,450.0,450.0,660.5
31.5,19.278111616318622,19.278111616318622,35.953261843662
31.55,19.358967471480035,19.358967471480035,36.07050283364605
31.6,18.69140400449091,18.69140400449091,35.10253580651182
31.650000000000002,14.608037408551004,14.608037408551004,29.181654242398956
31.700000000000003,450.0,450.0,660.5
31.75,15.12513601195738,15.12513601195738,29.9314472173382
31.8,22.558491040715932,22.558491040715932,40.7098120090381
31.85,15.430111988130655,15.430111988130655,30.373662382789448
31.900000000000002,19.028734645699544,19.028734645699544,35.59166523626433
31.950000000000003,450.0,450.0,660.5
32.0,23.6084887117308,23.6084887117308,42.232308632009655
32.050000000000004,17.74201799303488,17.74201799303488,33.725926089900575
32.1,20.842210029574343,20.842210029574343,38.221204542882795
32.15,20.842210029574343,20.842210029574343,38.221204542882795
32.2,450.0,450.0,660.5
32.25,18.465642070060255,18.465642070060255,34.77518100158737
32.300000000000004,19.070316261526546,19.070316261526546,35.65195857921349
32.35,18.380883871326283,18.380883871326283,34.65228161342311
32.4,18.380883871326283,18.380883871326283,34.65228161342311
32.45,18.95253171213824,18.95253171213824,35.481170982600446
32.5,23.098494731291648,23.098494731291648,41.49281736037289
32.550000000000004,20.172449540670073,20.172449540670073,37.250051833971604
32.6,450.0,450.0,660.5
32.65,450.0,450.0,660.5
32.7,22.428965894035926,22.428965894035926,40.52200054635209
32.75,17.59871755627336,17.59871755627336,33.51814045659637
32.800000000000004,20.463185043563946,20.463185043563946,37.67161831316772
32.85,19.668270103730805,19.668270103730805,36.51899165040967
32.9,19.668270103730805,19.668270103730805,36.51899165040967
32.95,18.322424805018215,18.322424805018215,34.567515967276414
33.0,19.57728060111544,19.57728060111544,36.38705687161739
33.050000000000004,17.268196161289637,17.268196161289637,33.038884433869974
33.1,16.832352527636473,16.832352527636473,32.406911165072884
33.15,16.832352527636473,16.832352527636473,32.406911165072884
33.2,21.751732178223325,21.751732178223325,39.54001165842382
33.25,18.32934468765171,18.32934468765171,34.577549797094974
33.300000000000004,17.59714607843398,17.59714607843398,33.51586181372927
33.35,16.618501769778067,16.618501769778067,32.0968275661782
33.4,16.618501769778067,16.618501769778067,32.0968275661782
33.45,14.651417251755369,14.651417251755369,29.244555015045282
33.5,19.91913345483034,19.91913345483034,36.88274350950399
33.550000000000004,19.786055657640613,19.786055657640613,36.68978070357889
33.6,20.43110843709996,20.43110843709996,37.62510723379495
33.65,20.43110843709996,20.43110843709996,37.62510723379495
33.7,16.45346194064185,16.45346194064185,31.857519813930686
33.75,13.217946774881291,13.217946774881291,27.16602282357787
33.800000000000004,15.282621799801928,15.282621799801928,30.159801609712797
33.85,22.180511450481532,22.180511450481532,40.16174160319822
33.9,22.180511450481532,22.180511450481532,40.16174160319822
33.95,22.76896106122923,22.76896106122923,41.014993538782385
34.0,19.20560870769987,19.20560870769987,35.84813262616481
34.050000000000004,15.885909316575551,15.885909316575551,31.03456850903455
34.1,15.352146150422747,15.352146150422747,30.260611918112986
34.15,15.352146150422747,15.352146150422747,30.260611918112986
34.2,17.377708812030388,17.377708812030388,33.19767777744406
34.25,15.628019773969513,15.628019773969513,30.660628672255793
34.300000000000004,13.590340897290769,13.590340897290769,27.705994301071613
34.35,17.683117733550077,17.683117733550077,33.640520713647604
34.4,17.683117733550077,17.683117733550077,33.640520713647604
34.45,19.95322523286556,19.95322523286556,36.93217658765506
34.5,18.755456534667353,18.755456534667353,35.19541197526766
34.550000000000004,16.602309274782453,16.602309274782453,32.07334844843456
34.6,21.50320534552724,21.50320534552724,39.1796477510145
34.65,21.50320534552724,21.50320534552724,39.1796477510145
34.7,450.0,450.0,660.5
34.75,13.394174456850493,13.394174456850493,27.421552962433214
34.800000000000004,20.080179442745333,20.080179442745333,37.116260191980736
34.85,15.890764627205268,15.890764627205268,31.041608709447637
34.9,15.890764627205268,15.890764627205268,31.041608709447637
34.95,450.0,450.0,660.5
35.0,21.726109483588445,21.726109483588445,39.50285875120324
35.050000000000004,17.52059120664108,17.52059120664108,33.404857249629565
35.1,25.01635661614955,25.01635661614955,44.27371709341685
35.15,25.01635661614955,25.01635661614955,44.27371709341685
35.2,22.559931863493794,22.559931863493794,40.711901202066
35.25,23.266703552843996,23.266703552843996,41.73672015162379
35.300000000000004,19.608254061679244,19.608254061679244,36.4319683894349
35.35,19.4603120735657,19.4603120735657,36.217452506670256
35.4,19.4603120735657,19.4603120735657,36.217452506670256
35.45,19.856903832269786,19.856903832269786,36.79251055679119
35.5,18.994633393327273,18.994633393327273,35.542218420324545
35.550000000000004,22.739159757073306,22.739159757073306,40.971781647756295
35.6,19.21829138013087,19.21829138013087,35.86652250118977
35.65,19.21829138013087,19.21829138013087,35.86652250118977
35.7,15.809374853798092,15.809374853798092,30.923593538007232
35.75,14.658054633668957,14.658054633668957,29.25417921881999
35.800000000000004,16.833438322014082,16.833438322014082,32.40848556692041
35.85,19.11842345053242,19.11842345053242,35.72171400327201
35.9,19.11842345053242,19.11842345053242,35.72171400327201
35.95,16.01556836012723,16.01556836012723,31.222574122184483
36.0,18.11707193946983,18.11707193946983,34.26975431223126
36.050000000000004,15.855150331052958,15.855150331052958,30.98996798002679
36.1,14.930116745296534,14.930116745296534,29.64866928067997
36.15,14.930116745296534,14.930116745296534,29.64866928067997
36.2,19.471609780796943,19.471609780796943,36.23383418215556
36.25,18.30792442873288,18.30792442873288,34.546490421662675
36.300000000000004,17.313988328974734,17.313988328974734,33.10528307701337
36.35,19.5235236847542,19.5235236847542,36.309109342893585
36.4,19.5235236847542,19.5235236847542,36.309109342893585
36.45,18.60340620557638,18.60340620557638,34.97493899808575
36.5,17.115610490204695,17.115610490204695,32.81763521079681
36.550000000000004,21.17874377273794,21.17874377273794,38.70917847047001
36.6,17.38430997261713,17.38430997261713,33.20724946029484
36.65,17.38430997261713,17.38430997261713,33.20724946029484
36.7,21.068058739872257,21.068058739872257,38.54868517281478
36.75,17.280488652123882,17.280488652123882,33.056708545579625
36.800000000000004,14.18995492121621,14.18995492121621,28.5754346357635
36.85,19.32784788716926,19.32784788716926,36.02537943639543
36.9,19.32784788716926,19.32784788716926,36.02537943639543
36.95,14.182481827508008,14.182481827508008,28.564598649886612
37.0,14.781629263311997,14.781629263311997,29.433362431802394
37.050000000000004,19.141030865808602,19.141030865808602,35.75449475542247
37.1,20.61843959744209,20.61843959744209,37.89673741629103
37.15,20.61843959744209,20.61843959744209,37.89673741629103
37.2,14.216431637217001,14.216431637217001,28.61382587396465
37.25,12.487557172767671,12.487557172767671,26.106957900513123
37.300000000000004,21.375841137540206,21.375841137540206,38.994969649433294
37.35,17.374906714198737,17.374906714198737,33.19361473558817
37.4,17.374906714198737,17.374906714198737,33.19361473558817
37.45,21.308020897805054,21.308020897805054,38.896630301817325
37.5,14.34426055935244,14.34426055935244,28.799177811061035
37.550000000000004,17.44227705683907,17.44227705683907,33.29130173241665
37.6,15.901754142054328,15.901754142054328,31.057543505978774
37.65,15.901754142054328,15.901754142054328,31.057543505978774
37.7,13.577131675134867,13.577131675134867,27.686840928945557
37.75,17.064781565489383,17.064781565489383,32.7439332699596
37.800000000000004,17.067346743031884,17.067346743031884,32.74765277739623
37.85,17.133896139332332,17.133896139332332,32.84414940203188
37.9,17.133896139332332,17.133896139332332,32.84414940203188
37.95,16.515419839795893,16.515419839795893,31.94735876770405
38.0,11.445817808999806,11.445817808999806,24.596435823049717
38.050000000000004,19.549184964129125,19.549184964129125,36.34631819798722
38.1,17.782638330086254,17.782638330086254,33.78482557862507
38.15,17.782638330086254,17.782638330086254,33.78482557862507
38.2,19.569785539191418,19.569785539191418,36.37618903182756
38.25,19.076481183182228,19.076481183182228,35.66089771561423
38.300000000000004,13.488114402304237,13.488114402304237,27.557765883341144
38.35,13.783588662180623,13.783588662180623,27.986203560161904
38.400000000000006,18.69044478767984,18.69044478767984,35.101144942135775
38.45,18.81701620569535,18.81701620569535,35.28467349825826
38.5,23.938693274850717,23.938693274850717,42.711105248533535
38.550000000000004,20.34954025419606,20.34954025419606,37.50683336858428
38.6,19.57663569469162,19.57663569469162,36.38612175730285
38.650000000000006,24.41480977269179,24.41480977269179,43.40147417040309
38.7,16.809691051508956,16.809691051508956,32.37405202468799
38.75,14.76836423545193,14.76836423545193,29.4141281414053
38.800000000000004,13.678995863260763,13.678995863260763,27.834544001728105
38.85,18.24550799864774,18.24550799864774,34.455986598039225
38.900000000000006,17.099657623465294,17.099657623465294,32.79450355402468
38.95,19.699672577644574,19.699672577644574,36.56452523758463
39.0,16.113327387528297,16.113327387528297,31.364324711916034
39.050000000000004,18.745000153303963,18.745000153303963,35.180250222290745
39.1,11.376670102211854,11.376670102211854,24.496171648207188
39.150000000000006,20.680120227247027,20.680120227247027,37.98617432950819
39.2,18.38776551657069,18.38776551657069,34.6622599990275
39.25,18.121087764210984,18.121087764210984,34.275577258105926
39.300000000000004,20.92733571932858,20.92733571932858,38.34463679302644
39.35,17.421680766650788,17.421680766650788,33.261437111643644
39.400000000000006,18.95553484397432,18.95553484397432,35.48552552376276
39.45,20.693199365931154,20.693199365931154,38.00513908060017
39.5,21.257009293545195,21.257009293545195,38.82266347564053
39.550000000000004,15.779090034222454,15.779090034222454,30.87968054962256
39.6,15.950791518767584,15.950791518767584,31.128647702212994
39.650000000000006,14.776300738838469,14.776300738838469,29.42563607131578
39.7,17.79335464465156,17.79335464465156,33.80036423474476
39.75,19.08824546576593,19.08824546576593,35.6779559253606
39.800000000000004,15.99930052559774,15.99930052559774,31.198985762116724
39.85,17.4074991770195,17.4074991770195,33.24087380667827
39.900000000000006,19.810262510123305,19.810262510123305,36.724880639678794
39.95,16.607012791498914,16.607012791498914,32.08016854767342
40.0,15.783088076897094,15.783088076897094,30.885477711500783
40.050000000000004,14.20806176926962,14.20806176926962,28.601689565440946
40.1,9.474704242364384,9.474704242364384,21.73832115142836
40.150000000000006,17.7290558329779,17.7290558329779,33.70713095781795
40.2,20.673071443364677,20.673071443364677,37.97595359287878
40.25,19.999595454546718,19.999595454546718,36.99941340909274
40.300000000000004,23.32760786217706,23.32760786217706,41.82503140015673
40.35,16.892965217519343,16.892965217519343,32.49479956540305
40.400000000000006,17.20957013692848,17.20957013692848,32.953876698546296
40.45,19.27325296779007,19.27325296779007,35.9462168032956
40.5,15.824936450436848,15.824936450436848,30.946157853133432
40.550000000000004,20.13202256954373,20.13202256954373,37.191432725838396
40.6,17.10987383323269,17.10987383323269,32.809317058187396
40.650000000000006,19.254394621855642,19.254394621855642,35.91887220169068
40.7,19.71756819287247,19.71756819287247,36.590473879665076
40.75,15.833675435444068,15.833675435444068,30.9588293813939
40.800000000000004,14.952749618805262,14.952749618805262,29.68148694726763
40.85,20.558319720170662,20.558319720170662,37.809563594247464
40.900000000000006,20.668765602233126,20.668765602233126,37.96971012323804
40.95,18.18486314263288,18.18486314263288,34.36805155681767
41.0,21.67924770336249,21.67924770336249,39.43490916987561
41.050000000000004,19.083890135158594,19.083890135158594,35.67164069597996
41.1,15.08241230315792,15.08241230315792,29.869497839578983
41.150000000000006,20.40242382971349,20.40242382971349,37.58351455308456
41.2,18.608959679767647,18.608959679767647,34.98299153566309
41.25,16.725971438258014,16.725971438258014,32.25265858547412
41.300000000000004,18.89495337006015,18.89495337006015,35.39768238658722
41.35,18.651236697503933,18.651236697503933,35.0442932113807
41.400000000000006,13.963102608818101,13.963102608818101,28.246498782786247
41.45,21.47237172424809,21.47237172424809,39.13493900015973
41.5,18.184275000312212,18.184275000312212,34.3671987504527
41.550000000000004,17.55376237111595,17.55376237111595,33.45295543811813
41.6,14.972413050977064,14.972413050977064,29.70999892391674
41.650000000000006,25.979888221832866,25.979888221832866,45.67083792165765
41.7,21.611901750418554,21.611901750418554,39.3372575381069
41.75,16.676543848164872,16.676543848164872,32.18098857983907
41.800000000000004,22.494404895326973,22.494404895326973,40.616887098224105
41.85,15.310526126690146,15.310526126690146,30.200262883700713
41.900000000000006,22.58495452593606,22.58495452593606,40.74818406260729
41.95,17.53802786887372,17.53802786887372,33.430140409866894
42.0,20.85774517690258,20.85774517690258,38.24373050650874
42.050000000000004,17.95469755808907,17.95469755808907,34.03431145922915
42.1,22.409150181055107,22.409150181055107,40.493267762529904
42.150000000000006,13.529374683571886,13.529374683571886,27.617593291179237
42.2,17.123251672267244,17.123251672267244,32.828714924787505
42.25,15.715212020779946,15.715212020779946,30.78705743013092
42.300000000000004,19.269098939250373,19.269098939250373,35.94019346191305
42.35,24.062639144660988,24.062639144660988,42.89082675975843
42.400000000000006,17.63253014665173,17.63253014665173,33.56716871264501
42.45,450.0,450.0,660.5
42.5,22.411130156343436,22.411130156343436,40.49613872669798
42.550000000000004,15.187601723942548,15.187601723942548,30.022022499716694
42.6,22.814204671282347,22.814204671282347,41.0805967733594
42.650000000000006,16.306961859099186,16.306961859099186,31.64509469569382
42.7,16.07159464831561,16.07159464831561,31.303812240057635
42.75,16.202268038391566,16.202268038391566,31.493288655667772
42.800000000000004,23.37228744377677,23.37228744377677,41.889816793476314
42.85,17.055398637246235,17.055398637246235,32.730328024007036
42.900000000000006,20.911599610573145,20.911599610573145,38.32181943533106
42.95,450.0,450.0,660.5
43.0,19.62929947827993,19.62929947827993,36.4624842435059
43.050000000000004,18.632261368955323,18.632261368955323,35.016778984985216
43.1,24.22495968630988,24.22495968630988,43.12619154514933
43.150000000000006,16.294591993062166,16.294591993062166,31.62715838994014
43.2,21.956348482179482,21.956348482179482,39.83670529916024
43.25,18.321936678885475,18.321936678885475,34.566808184383945
43.300000000000004,17.979515073802084,17.979515073802084,34.07029685701302
43.35,17.29474214053199,17.29474214053199,33.077376103771385
43.400000000000006,18.864086177465754,18.864086177465754,35.35292495732534
43.45,16.087879824678122,16.087879824678122,31.327425745783273
43.5,19.70907504598335,19.70907504598335,36.57815881667586
43.550000000000004,20.65743899927709,20.65743899927709,37.95328654895178
43.6,16.002935716520746,16.002935716520746,31.204256788955078
43.650000000000006,18.06132606666728,18.06132606666728,34.18892279666756
43.7,19.040448453783604,19.040448453783604,35.60865025798622
43.75,22.812603105343467,22.812603105343467,41.07827450274803
43.800000000000004,19.2521569792922,19.2521569792922,35.91562761997369
43.85,19.368284736658367,19.368284736658367,36.08401286815463
43.900000000000006,13.118313395724456,13.118313395724456,27.02155442380046
43.95,18.334702454603146,18.334702454603146,34.58531855917456
44.0,19.433037250528244,19.433037250528244,36.17790401326595
44.050000000000004,19.590914561605707,19.590914561605707,36.406826114328275
44.1,19.609675755269205,19.609675755269205,36.434029845140344
44.150000000000006,15.387880672218541,15.387880672218541,30.312426974716885
44.2,15.183485953625183,15.183485953625183,30.016054632756518
44.25,20.630940262984623,20.630940262984623,37.914863381327706
44.300000000000004,18.247747593711196,18.247747593711196,34.45923401088123
44.35,19.238635710252556,19.238635710252556,35.8960217798662
44.400000000000006,22.433852598232537,22.433852598232537,40.52908626743717
44.45,16.127055640286024,16.127055640286024,31.384230678414735
44.5,16.3980015804802,16.3980015804802,31.777102291696295
44.550000000000004,19.373637418031535,19.373637418031535,36.091774256145726
44.6,23.83413239609378,23.83413239609378,42.55949197433598
44.650000000000006,18.073403459885377,18.073403459885377,34.2064350168338
44.7,16.176402426888068,16.176402426888068,31.455783518987694
44.75,20.802193362588525,20.802193362588525,38.16318037575336
44.800000000000004,13.547278675154862,13.547278675154862,27.64355407897455
44.85,16.18538728563194,16.18538728563194,31.46881156416631
44.900000000000006,20.279173450577538,20.279173450577538,37.40480150333743
44.95,450.0,450.0,660.5
45.0,19.35525942941837,19.35525942941837,36.06512617265664
45.050000000000004,18.26003404166307,18.26003404166307,34.47704936041145
45.1,21.977595437861996,21.977595437861996,39.86751338489989
45.150000000000006,16.655829975360064,16.655829975360064,32.15095346427209
45.2,13.43554940155539,13.43554940155539,27.481546632255313
45.25,21.914484297896227,21.914484297896227,39.776002231949526
45.300000000000004,13.500918113996022,13.500918113996022,27.57633126529423
45.35,18.969024712738303,18.969024712738303,35.50508583347053
45.400000000000006,17.413989504295493,17.413989504295493,33.25028478122846
45.45,20.216612862430363,20.216612862430363,37.31408865052402
45.5,22.631706025463284,22.631706025463284,40.81597373692176
45.550000000000004,16.51787820181887,16.51787820181887,31.95092339263736
45.6,19.42599240384037,19.42599240384037,36.16768898556853
45.650000000000006,17.506136216681004,17.506136216681004,33.38389751418745
45.7,21.230815479535714,21.230815479535714,38.78468244532678
45.75,19.356818361865678,19.356818361865678,36.06738662470523
45.800000000000004,450.0,450.0,660.5
45.85,18.413460914267507,18.413460914267507,34.69951832568788
45.900000000000006,16.960575142967546,16.960575142967546,32.59283395730294
45.95,10.598474386607577,10.598474386607577,23.36778786058099
46.0,19.821527111095687,19.821527111095687,36.74121431108875
46.050000000000004,17.509454793850686,17.509454793850686,33.38870945108349
46.1,19.42256873374962,19.42256873374962,36.162724663936956
46.150000000000006,18.262095909007076,18.262095909007076,34.48003906806026
46.2,17.703511988705753,17.703511988705753,33.67009238362334
46.25,17.35480817515573,17.35480817515573,33.164471853975805
46.300000000000004,11.842809675233768,11.842809675233768,25.172074029088968
46.35,19.13859310810103,19.13859310810103,35.75096000674649
46.400000000000006,15.527640268164134,15.527640268164134,30.515078388837996
46.45,450.0,450.0,660.5
46.5,21.59373171467724,21.59373171467724,39.310910986281996
46.550000000000004,22.1741557364402,22.1741557364402,40.15252581783828
46.6,21.313149887169033,21.313149887169033,38.904067336395094
46.650000000000006,22.012825805099055,22.012825805099055,39.918597417393634
46.7,20.574196000933853,20.574196000933853,37.83258420135409
46.75,17.571120744927995,17.571120744927995,33.478125080145595
46.800000000000004,14.997244228721913,14.997244228721913,29.746004131646774
46.85,17.491775531217552,17.491775531217552,33.36307452026545
46.900000000000006,20.468521329007235,20.468521329007235,37.67935592706049
46.95,18.20058316595876,18.20058316595876,34.3908455906402
47.0,18.44881153524147,18.44881153524147,34.750776726100135
47.050000000000004,15.062304823630518,15.062304823630518,29.84034199426425
47.1,17.152788054592396,17.152788054592396,32.87154267915897
47.150000000000006,13.83236939506186,13.83236939506186,28.0569356228397
47.2,14.956633530903547,14.956633530903547,29.687118619810143
47.25,15.58195560487419,15.58195560487419,30.593835627067573
47.300000000000004,17.80099952746231,17.80099952746231,33.811449314820344
47.35,16.01220333408471,16.01220333408471,31.21769483442283
47.400000000000006,16.111338578608606,16.111338578608606,31.36144093898248
47.45,19.382603634013364,19.382603634013364,36.104775269319376
47.5,18.68760284777056,18.68760284777056,35.09702412926731
47.550000000000004,16.831849933162385,16.831849933162385,32.40618240308546
47.6,17.83716194247676,17.83716194247676,33.86388481659131
47.650000000000006,18.63920196042265,18.63920196042265,35.026842842612844
47.7,450.0,450.0,660.5
47.75,19.84819347091405,19.84819347091405,36.779880532825366
47.800000000000004,16.058567825224877,16.058567825224877,31.284923346576072
47.85,19.100199263963106,19.100199263963106,35.6952889327465
47.900000000000006,20.45539206658502,20.45539206658502,37.66031849654828
47.95,450.0,450.0,660.5
48.0,22.066800183983837,22.066800183983837,39.99686026677656
48.050000000000004,17.2000177709371,17.2000177709371,32.94002576785879
48.1,11.950159065615964,11.950159065615964,25.32773064514315
48.150000000000006,14.722676690507532,14.722676690507532,29.347881201235918
48.2,17.947153750679508,17.947153750679508,34.02337293848529
48.25,20.505521796192415,20.505521796192415,37.73300660447901
48.300000000000004,19.215124835099402,19.215124835099402,35.86193101089413
48.35,20.015985174560242,20.015985174560242,37.02317850311235
48.400000000000006,20.038498418835268,20.038498418835268,37.05582270731114
48.45,21.198076423948606,21.198076423948606,38.73721081472547
48.5,21.489558775921488,21.489558775921488,39.15986022508616
48.550000000000004,16.065826807271332,16.065826807271332,31.29544887054343
48.6,19.300418738299403,19.300418738299403,35.98560717053413
48.650000000000006,25.238705648883794,25.238705648883794,44.5961231908815
48.7,19.316185510603585,19.316185510603585,36.0084689903752
48.75,20.4768540136351,20.4768540136351,37.691438319770896
48.800000000000004,12.148580047208142,12.148580047208142,25.615441068451805
48.85,20.232076019738447,20.232076019738447,37.336510228620746
48.900000000000006,18.310225587137566,18.310225587137566,34.54982710134948
48.95,17.13666930474411,17.13666930474411,32.84817049187896
49.0,12.672859738877937,12.672859738877937,26.37564662137301
49.050000000000004,18.146071917155272,18.146071917155272,34.31180427987514
49.1,20.715715379549415,20.715715379549415,38.03778730034665
49.150000000000006,18.181053805067606,18.181053805067606,34.362528017348026
49.2,21.717860345363068,21.717860345363068,39.49089750077645
49.25,23.033971154940122,23.033971154940122,41.39925817466318
49.300000000000004,21.232810821390654,21.232810821390654,38.78757569101645
49.35,14.521975304211466,14.521975304211466,29.056864191106627
49.400000000000006,17.468271115844317,17.468271115844317,33.32899311797426
49.45,450.0,450.0,660.5
49.5,13.632542107409368,13.632542107409368,27.767186055743583
49.550000000000004,15.92735753931426,15.92735753931426,31.094668432005676
49.6,20.87939340525367,20.87939340525367,38.27512043761782
49.650000000000006,17.268379821470628,17.268379821470628,33.03915074113241
49.7,20.518069984078725,20.518069984078725,37.75120147691415
49.75,21.09958711312627,21.09958711312627,38.59440131403309
49.800000000000004,21.286988936102617,21.286988936102617,38.866133957348794
49.85,15.712191970865884,15.712191970865884,30.782678357755533
49.900000000000006,15.8628110177668,15.8628110177668,31.00107597576186
49.95,21.488525400173085,21.488525400173085,39.15836183025097
50.0,15.968189773189568,15.968189773189568,31.153875171124874
50.050000000000004,20.34648653964023,20.34648653964023,37.50240548247834
50.1,20.162485433315226,20.162485433315226,37.235603878307074
50.150000000000006,16.68459165050883,16.68459165050883,32.1926578932378
50.2,21.919999747116986,21.919999747116986,39.783999633319624
50.25,17.836035802850127,17.836035802850127,33.862251914132685
50.300000000000004,16.503489718851327,16.503489718851327,31.930060092334422
50.35,19.08932425943236,19.08932425943236,35.67952017617692
50.400000000000006,21.124974334952054,21.124974334952054,38.631212785680475
50.45,10.158716473737865,10.158716473737865,22.730138886919903
50.5,23.624665590891087,23.624665590891087,42.255765106792076
50.550000000000004,19.352441275208275,19.352441275208275,36.061039849052
50.6,14.497563458902395,14.497563458902395,29.021467015408472
50.650000000000006,21.754277181553313,21.754277181553313,39.5437019132523
50.7,22.490218911603176,22.490218911603176,40.610817421824606
50.75,16.651750344217334,16.651750344217334,32.14503799911514
50.800000000000004,20.494337256546203,20.494337256546203,37.71678902199199
50.85,14.328323517659157,14.328323517659157,28.776069100605778
50.900000000000006,18.21277355527859,18.21277355527859,34.408521655153955
50.95,21.54915008676556,21.54915008676556,39.246267625810056
51.0,14.650157928713547,14.650157928713547,29.242728996634643
51.050000000000004,16.734854586059186,16.734854586059186,32.265539149785816
51.1,20.667648231535587,20.667648231535587,37.9680899357266
51.150000000000006,17.12697967761809,17.12697967761809,32.83412053254622
51.2,21.020925681077276,21.020925681077276,38.480342237562056
51.25,17.853388659645507,17.853388659645507,33.88741355648599
51.300000000000004,21.76968245415228,21.76968245415228,39.56603955852081
51.35,18.684082041260435,18.684082041260435,35.09191895982762
51.400000000000006,15.418463239697097,15.418463239697097,30.35677169756079
51.45,26.14346018925641,26.14346018925641,45.908017274421795
51.5,17.942488847746247,17.942488847746247,34.01660882923206
51.550000000000004,15.735725789687796,15.735725789687796,30.816802395047304
51.6,20.638553885952557,20.638553885952557,37.925903134631206
51.650000000000006,16.033553237490523,16.033553237490523,31.24865219436126
51.7,17.316159222143636,17.316159222143636,33.10843087210827
51.75,15.073793506736418,15.073793506736418,29.857000584767807
51.800000000000004,17.222673550118916,17.222673550118916,32.97287664767243
51.85,22.32292786393863,22.32292786393863,40.36824540271101
51.900000000000006,17.697725577122725,17.697725577122725,33.66170208682795
51.95,13.496731221108938,13.496731221108938,27.57026027060796
52.0,18.5802833827458,18.5802833827458,34.94141090498141
52.050000000000004,15.340142459909915,15.340142459909915,30.243206566869375
52.1,17.068524371726394,17.068524371726394,32.749360339003275
52.150000000000006,17.617034202138488,17.617034202138488,33.5446995931008
52.2,13.27399440286176,13.27399440286176,27.24729188414955
52.25,15.200423584221529,15.200423584221529,30.040614197121215
52.300000000000004,21.50169354231543,21.50169354231543,39.17745563635737
52.35,19.300721079327268,19.300721079327268,35.98604556502453
52.400000000000006,13.070669194365625,13.070669194365625,26.952470331830156
52.45,19.557812872928732,19.557812872928732,36.358828665746664
52.5,20.06593088282929,20.06593088282929,37.09559978010246
52.550000000000004,11.320409805887323,11.320409805887323,24.414594218536617
52.6,21.550615589961577,21.550615589961577,39.24839260544429
52.650000000000006,18.442704730070663,18.442704730070663,34.74192185860246
52.7,18.21906811418987,18.21906811418987,34.417648765575315
52.75,16.367738165305475,16.367738165305475,31.733220339692934
52.800000000000004,21.69040898368481,21.69040898368481,39.451093026342974
52.85,19.4926521189543,19.4926521189543,36.264345572483734
52.900000000000006,15.569228679945908,15.569228679945908,30.575381585921566
52.95,19.559609207801245,19.559609207801245,36.361433351311796
53.0,15.050006723148218,15.050006723148218,29.822509748564915
53.050000000000004,19.606810081400884,19.606810081400884,36.42987461803128
53.1,17.589379120507814,17.589379120507814,33.50459972473633
53.150000000000006,21.259253659577794,21.259253659577794,38.82591780638781
53.2,17.16858586387419,17.16858586387419,32.89444950261757
53.25,17.733706080488194,17.733706080488194,33.71387381670788
53.300000000000004,18.37794555793304,18.37794555793304,34.64802105900291
53.35,14.809153589876509,14.809153589876509,29.473272705320937
53.400000000000006,16.14589973491871,16.14589973491871,31.41155461563213
53.45,14.722186505522803,14.722186505522803,29.347170433008063
53.5,20.500676082450454,20.500676082450454,37.72598031955315
53.550000000000004,17.73014132169372,17.73014132169372,33.708704916455886
53.6,16.44225904589967,16.44225904589967,31.84127561655452
53.650000000000006,16.44168166366485,16.44168166366485,31.84043841231403
53.7,450.0,450.0,660.5
53.75,13.651017266827392,13.651017266827392,27.793975036899717
53.800000000000004,17.634521440338222,17.634521440338222,33.570056088490425
53.85,16.625504214498424,16.625504214498424,32.10698111102271
53.900000000000006,17.608818639346524,17.608818639346524,33.53278702705245
53.95,450.0,450.0,660.5
54.0,20.440090701960663,20.440090701960663,37.638131517842965
54.050000000000004,19.126372958031013,19.126372958031013,35.733240789144965
54.1,15.032222071569803,15.032222071569803,29.796722003776214
54.150000000000006,20.545379760487755,20.545379760487755,37.79080065270725
54.2,18.106372776543942,18.106372776543942,34.25424052598871
54.25,23.677779321999942,23.677779321999942,42.33278001689992
54.300000000000004,20.110628963966555,20.110628963966555,37.1604119977515
54.35,22.162969174384173,22.162969174384173,40.13630530285705
54.400000000000006,23.034781339449893,23.034781339449893,41.40043294220234
54.45,17.09382637355229,17.09382637355229,32.786048241650825
54.5,18.420486161087332,18.420486161087332,34.709704933576624
54.550000000000004,16.924277645881407,16.924277645881407,32.54020258652804
54.6,16.919791428739618,16.919791428739618,32.53369757167245
54.650000000000006,21.07367611332223,21.07367611332223,38.55683036431723
54.7,20.27886572828522,20.27886572828522,37.404355306013564
54.75,24.001568218356205,24.001568218356205,42.8022739166165
54.800000000000004,17.508871318196135,17.508871318196135,33.387863411384394
54.85,20.14887586601352,20.14887586601352,37.2158700057196
54.900000000000006,22.49760269180812,22.49760269180812,40.62152390312177
54.95,16.243475916136703,16.243475916136703,31.553040078398215
55.0,18.103234771191385,18.103234771191385,34.24969041822751
55.050000000000004,19.684995165393786,19.684995165393786,36.543242989820996
55.1,16.12037429844129,16.12037429844129,31.374542732739876
55.150000000000006,14.365809498942575,14.365809498942575,28.830423773466734
55.2,15.664098012499212,15.664098012499212,30.712942118123856
55.25,18.32401085087206,18.32401085087206,34.56981573376449
55.300000000000004,17.07680492898298,17.07680492898298,32.761367147025325
55.35,13.965891685691794,13.965891685691794,28.2505429442531
55.400000000000006,19.46590940703115,19.46590940703115,36.22556864019516
55.45,16.66411983355534,16.66411983355534,32.16297375865525
55.5,19.31430915306865,19.31430915306865,36.005748271949535
55.550000000000004,21.652547925816815,21.652547925816815,39.39619449243438
55.6,19.84206428331958,19.84206428331958,36.77099321081339
55.650000000000006,11.6828273608747,11.6828273608747,24.940099673268314
55.7,11.62136085562944,11.62136085562944,24.850973240662686
55.75,18.997437199264887,18.997437199264887,35.54628393893409
55.800000000000004,23.122089424558855,23.122089424558855,41.527029665610335
55.85,21.831534038603245,21.831534038603245,39.655724355974705
55.900000000000006,23.039565815984204,23.039565815984204,41.4073704331771
55.95,18.958865950803645,18.958865950803645,35.490355628665284
56.0,21.71255347795026,21.71255347795026,39.48320254302787
56.050000000000004,19.847565960999685,19.847565960999685,36.77897064344954
56.1,18.70954012131894,18.70954012131894,35.12883317591246
56.150000000000006,11.369996923769998,11.369996923769998,24.486495539466496
56.2,18.13303676706294,18.13303676706294,34.29290331224126
56.25,19.7066469538855,19.7066469538855,36.574638083133976
56.300000000000004,21.400609159748374,21.400609159748374,39.03088328163515
56.35,19.315749285281242,19.315749285281242,36.0078364636578
56.400000000000006,11.3289209840616,11.3289209840616,24.42693542688932
56.45,450.0,450.0,660.5
56.5,20.012241542805818,20.012241542805818,37.017750237068434
56.550000000000004,23.614354392147415,23.614354392147415,42.24081386861375
56.6,20.60152035091313,20.60152035091313,37.87220450882404
56.650000000000006,17.618557995861565,17.618557995861565,33.54690909399927
56.7,450.0,450.0,660.5
56.75,15.322825257927384,15.322825257927384,30.218096623994708
56.800000000000004,16.212556982190705,16.212556982190705,31.50820762417652
56.85,17.72452744220212,17.72452744220212,33.700564791193074
56.900000000000006,15.642936633044366,15.642936633044366,30.68225811791433
56.95,450.0,450.0,660.5
57.0,17.387241482309044,17.387241482309044,33.21150014934811
57.050000000000004,19.0679875572257,19.0679875572257,35.648581957977264
57.1,20.597404323907746,20.597404323907746,37.86623626966623
57.150000000000006,14.911361864310859,14.911361864310859,29.621474703250744
57.2,450.0,450.0,660.5
57.25,15.759353425823342,15.759353425823342,30.851062467443846
57.300000000000004,18.90135530224487,18.90135530224487,35.406965188255064
57.35,20.17941480628533,20.17941480628533,37.26015146911372
57.400000000000006,14.360903497805765,14.360903497805765,28.82331007181836
57.45,16.418191644043358,16.418191644043358,31.80637788386287
57.5,17.903227638869954,17.903227638869954,33.95968007636144
57.550000000000004,17.118921572872566,17.118921572872566,32.822436280665215
57.6,450.0,450.0,660.5
57.650000000000006,17.271051080556013,17.271051080556013,33.04302406680622
57.7,20.967958755812077,20.967958755812077,38.40354019592751
57.75,15.19057935424108,15.19057935424108,30.026340063649567
57.800000000000004,16.941606228447224,16.941606228447224,32.565329031248474
57.85,14.175435522666424,14.175435522666424,28.554381507866314
57.900000000000006,14.471150513951493,14.471150513951493,28.983168245229663
57.95,15.394722950902208,15.394722950902208,30.3223482788082
58.0,20.378277292022073,20.378277292022073,37.548502073432005
58.050000000000004,16.696709901206866,16.696709901206866,32.210229356749956
58.1,10.329890830292314,10.329890830292314,22.978341703923856
58.150000000000006,14.902700115814028,14.902700115814028,29.608915167930338
58.2,15.921573667717622,15.921573667717622,31.08628181819055
58.25,14.760966724746527,14.760966724746527,29.403401750882463
58.300000000000004,19.263647166608067,19.263647166608067,35.93228839158169
58.35,19.271160322570402,19.271160322570402,35.943182467727084
58.400000000000006,12.236383685581545,12.236383685581545,25.742756344093237
58.45,19.943134360214835,19.943134360214835,36.917544822311505
58.5,11.78682108229885,11.78682108229885,25.090890569333332
58.550000000000004,13.184419065162043,13.184419065162043,27.117407644484963
58.6,16.75976074994169,16.75976074994169,32.30165308741545
58.650000000000006,17.041654468500475,17.041654468500475,32.71039897932569
58.7,20.83301951782621,20.83301951782621,38.207878300848
58.75,15.854538422230558,15.854538422230558,30.98908071223431
58.800000000000004,18.336676385778677,18.336676385778677,34.588180759379085
58.85,16.1888948114318,16.1888948114318,31.473897476576113
58.900000000000006,14.44429493694804,14.44429493694804,28.944227658574658
58.95,15.492880102872295,15.492880102872295,30.464676149164827
59.0,21.121606321947432,21.121606321947432,38.62632916682378
59.050000000000004,18.445485253730347,18.445485253730347,34.745953617908995
59.1,22.73470761438217,22.73470761438217,40.965326040854144
59.150000000000006,20.98334288707654,20.98334288707654,38.42584718626098
59.2,18.984125984900643,18.984125984900643,35.52698267810593
59.25,18.81245415609446,18.81245415609446,35.27805852633696
59.300000000000004,16.63525385595137,16.63525385595137,32.12111809112948
59.35,16.766341887011407,16.766341887011407,32.31119573616654
59.400000000000006,15.25445670871002,15.25445670871002,30.118962227629524
59.45,21.436313375964993,21.436313375964993,39.08265439514924
59.5,17.387902231206027,17.387902231206027,33.21245823524874
59.550000000000004,18.75302776195598,18.75302776195598,35.19189025483617
59.6,16.0499308005089,16.0499308005089,31.2723996607379
59.650000000000006,14.312446985973645,14.312446985973645,28.753048129661785
59.7,450.0,450.0,660.5
59.75,17.726497352728583,17.726497352728583,33.70342116145644
59.800000000000004,16.788500564736882,16.788500564736882,32.34332581886848
59.85,19.27479504796775,19.27479504796775,35.94845281955324
59.900000000000006,17.302958744618895,17.302958744618895,33.08929017969739
59.95,450.0,450.0,660.5
60.0,13.982644826935372,13.982644826935372,28.27483499905629
