idx,n_true,Kphi,Kc,cohesion,friction_angle,janosi_shear,estimator,converged_n,pct_err
5,1.0618260528230925,668249.4895646033,19345.946357338762,11070.609710677863,27.123871627807016,0.021482806094690984,Bekker-UKF,0.4952381612880356,53.35976547464261
5,1.0618260528230925,668249.4895646033,19345.946357338762,11070.609710677863,27.123871627807016,0.021482806094690984,NN-UKF,1.3241471861042091,24.70471812060738
5,1.0618260528230925,668249.4895646033,19345.946357338762,11070.609710677863,27.123871627807016,0.021482806094690984,Learned MLP,1.299999999999964,22.43059930048194
3,0.6502523732664953,1088330.0659837238,5001.299751935611,16027.97694869514,12.80207674920702,0.02052332192497177,Bekker-UKF,0.6661240884386537,2.440854631937435
3,0.6502523732664953,1088330.0659837238,5001.299751935611,16027.97694869514,12.80207674920702,0.02052332192497177,NN-UKF,0.5771954492553594,11.235164532216903
3,0.6502523732664953,1088330.0659837238,5001.299751935611,16027.97694869514,12.80207674920702,0.02052332192497177,Learned MLP,0.8227175478550312,26.52280586415542
2,0.6308489599400158,1410928.7589389351,1039.7675301373297,15195.260766860943,13.081969788303743,0.012488389852581386,Bekker-UKF,0.8697266130501841,37.86606117776305
2,0.6308489599400158,1410928.7589389351,1039.7675301373297,15195.260766860943,13.081969788303743,0.012488389852581386,NN-UKF,0.4908860851026384,22.1864318918249
2,0.6308489599400158,1410928.7589389351,1039.7675301373297,15195.260766860943,13.081969788303743,0.012488389852581386,Learned MLP,0.5040648459188112,20.097380208609657
0,1.050475263865322,2727379.937946026,4205.002151044533,5105.7537529988385,14.836021051198856,0.018201504923113437,Bekker-UKF,1.1138100050307698,6.0291511227405366
0,1.050475263865322,2727379.937946026,4205.002151044533,5105.7537529988385,14.836021051198856,0.018201504923113437,NN-UKF,1.0243099465549017,2.4908075621069496
0,1.050475263865322,2727379.937946026,4205.002151044533,5105.7537529988385,14.836021051198856,0.018201504923113437,Learned MLP,0.921575949533062,12.270571118253942
4,0.9498347125904214,2913502.4575272375,11867.318909022524,2273.3916335551094,34.58680320881883,0.011740558904705035,Bekker-UKF,1.35711464033523,42.879031724799894
4,0.9498347125904214,2913502.4575272375,11867.318909022524,2273.3916335551094,34.58680320881883,0.011740558904705035,NN-UKF,0.9588653846986256,0.9507624840931987
4,0.9498347125904214,2913502.4575272375,11867.318909022524,2273.3916335551094,34.58680320881883,0.011740558904705035,Learned MLP,0.5085630790613467,46.457728663719166
1,0.9977972963771675,3471226.2848696695,6417.387766525882,655.974342497333,27.709009071357226,0.016075803293215507,Bekker-UKF,1.3684142118780047,37.14350768903507
1,0.9977972963771675,3471226.2848696695,6417.387766525882,655.974342497333,27.709009071357226,0.016075803293215507,NN-UKF,0.9626050762490655,3.5269909285061147
1,0.9977972963771675,3471226.2848696695,6417.387766525882,655.974342497333,27.709009071357226,0.016075803293215507,Learned MLP,0.6663367265580845,33.21922909819059
6,0.596755362102797,1964029.163248855,1323.7039504728493,16204.259105123983,21.185708843674053,0.01480687365754835,Bekker-UKF,0.8430536561989153,41.27290842066886
6,0.596755362102797,1964029.163248855,1323.7039504728493,16204.259105123983,21.185708843674053,0.01480687365754835,NN-UKF,0.6726327060237101,12.714983180635825
6,0.596755362102797,1964029.163248855,1323.7039504728493,16204.259105123983,21.185708843674053,0.01480687365754835,Learned MLP,0.5480902472785657,8.154952249234796
8,1.177331628704052,1397248.955549254,17672.966435794016,11719.506159669683,25.816431277795175,0.015540498188156875,Bekker-UKF,0.6257136594597953,46.85323623314616
8,1.177331628704052,1397248.955549254,17672.966435794016,11719.506159669683,25.816431277795175,0.015540498188156875,NN-UKF,1.364016776262787,15.856632320685097
8,1.177331628704052,1397248.955549254,17672.966435794016,11719.506159669683,25.816431277795175,0.015540498188156875,Learned MLP,1.2011395917869605,2.0221968477237855
7,0.7337181277923127,2257976.439647804,9257.877592720422,17338.174572715387,15.905913317845767,0.011391696040466514,Bekker-UKF,0.9372622478292764,27.741459877706486
7,0.7337181277923127,2257976.439647804,9257.877592720422,17338.174572715387,15.905913317845767,0.011391696040466514,NN-UKF,0.8426636156828462,14.848411639813232
7,0.7337181277923127,2257976.439647804,9257.877592720422,17338.174572715387,15.905913317845767,0.011391696040466514,Learned MLP,0.47495800431122304,35.266966111314986
9,1.103540247833783,3077681.2384836306,4721.826201133398,1397.689922989045,36.913200366303826,0.01725691831626365,Bekker-UKF,0.7255453575010361,34.252931968248525
9,1.103540247833783,3077681.2384836306,4721.826201133398,1397.689922989045,36.913200366303826,0.01725691831626365,NN-UKF,1.3381480877274878,21.259563514265395
9,1.103540247833783,3077681.2384836306,4721.826201133398,1397.689922989045,36.913200366303826,0.01725691831626365,Learned MLP,0.8706509296095338,21.103835467841254
10,0.7920125476939719,3649633.317272281,2327.9999519708185,18431.265157323473,29.179470152987964,0.016416399986731937,Bekker-UKF,0.9660152401321735,21.969688857181474
10,0.7920125476939719,3649633.317272281,2327.9999519708185,18431.265157323473,29.179470152987964,0.016416399986731937,NN-UKF,0.7598779599544665,4.057333161332941
10,0.7920125476939719,3649633.317272281,2327.9999519708185,18431.265157323473,29.179470152987964,0.016416399986731937,Learned MLP,0.526129557976405,33.570552700422894
11,0.6998390774325318,3798016.682518744,6206.4200487808075,7119.682045633129,6.083147615877411,0.02484143645715026,Bekker-UKF,1.2015111340067521,71.68391602462127
11,0.6998390774325318,3798016.682518744,6206.4200487808075,7119.682045633129,6.083147615877411,0.02484143645715026,NN-UKF,0.5881534022064447,15.958765211543101
11,0.6998390774325318,3798016.682518744,6206.4200487808075,7119.682045633129,6.083147615877411,0.02484143645715026,Learned MLP,0.5044400738462436,27.920562010218095
12,1.188898947987654,2385672.8669265434,4862.935576159695,7746.8241961626645,22.524445669712367,0.01306882777788811,Bekker-UKF,0.7612144860934279,35.97315504552598
12,1.188898947987654,2385672.8669265434,4862.935576159695,7746.8241961626645,22.524445669712367,0.01306882777788811,NN-UKF,1.356300956446169,14.080423634141647
12,1.188898947987654,2385672.8669265434,4862.935576159695,7746.8241961626645,22.524445669712367,0.01306882777788811,Learned MLP,1.0663704816792927,10.306045481472966
14,0.8589778384584559,1738979.017679914,16843.864151831454,8170.660021882131,28.304375616983563,0.015557067456313712,Bekker-UKF,0.6339761618627496,26.194118930879537
14,0.8589778384584559,1738979.017679914,16843.864151831454,8170.660021882131,28.304375616983563,0.015557067456313712,NN-UKF,1.3635694967896432,58.74326853842245
14,0.8589778384584559,1738979.017679914,16843.864151831454,8170.660021882131,28.304375616983563,0.015557067456313712,Learned MLP,0.8633207723593781,0.5055932419299852
15,0.6771287142792668,1238837.719562273,13925.48920834062,10759.643073343337,35.291483143671314,0.01590724289297598,Bekker-UKF,0.6475626988113847,4.3663804007118525
15,0.6771287142792668,1238837.719562273,13925.48920834062,10759.643073343337,35.291483143671314,0.01590724289297598,NN-UKF,0.908999610178842,34.243252576635705
15,0.6771287142792668,1238837.719562273,13925.48920834062,10759.643073343337,35.291483143671314,0.01590724289297598,Learned MLP,0.4989606299275093,26.31229197559565
13,0.6030523132074683,2434270.805827432,9849.325501538797,5915.679692508849,32.27725952579009,0.024084673432540372,Bekker-UKF,0.8799860830069007,45.92201434839017
13,0.6030523132074683,2434270.805827432,9849.325501538797,5915.679692508849,32.27725952579009,0.024084673432540372,NN-UKF,0.7111890395680374,17.93156646484278
13,0.6030523132074683,2434270.805827432,9849.325501538797,5915.679692508849,32.27725952579009,0.024084673432540372,Learned MLP,0.6714282961833883,11.338317004746575
16,0.9217397053985226,3684864.2483084034,16705.822869019827,4231.086330298018,27.325143329078408,0.015358108272904028,Bekker-UKF,1.3552829522559322,47.035322913637884
16,0.9217397053985226,3684864.2483084034,16705.822869019827,4231.086330298018,27.325143329078408,0.015358108272904028,NN-UKF,0.861596417953189,6.524975228156206
16,0.9217397053985226,3684864.2483084034,16705.822869019827,4231.086330298018,27.325143329078408,0.015358108272904028,Learned MLP,0.6192683097527187,32.81527245428009
18,0.6148826764634038,690880.3297215223,2790.7631855042164,20552.30950467559,7.447205321225628,0.01692679778207952,Bekker-UKF,0.569746140805427,7.34067447103679
18,0.6148826764634038,690880.3297215223,2790.7631855042164,20552.30950467559,7.447205321225628,0.01692679778207952,NN-UKF,0.5668477399176696,7.8120490923593495
18,0.6148826764634038,690880.3297215223,2790.7631855042164,20552.30950467559,7.447205321225628,0.01692679778207952,Learned MLP,0.9827753847481567,59.83136659512784
19,0.5466860031230377,3996941.9743770687,374.10371396735337,5389.609373720634,26.879156705671605,0.014972925890282446,Bekker-UKF,1.3017375343698367,138.11429722609276
19,0.5466860031230377,3996941.9743770687,374.10371396735337,5389.609373720634,26.879156705671605,0.014972925890282446,NN-UKF,0.5470543929667788,0.06738600250173066
19,0.5466860031230377,3996941.9743770687,374.10371396735337,5389.609373720634,26.879156705671605,0.014972925890282446,Learned MLP,0.60812857644952,11.239097576210298
21,1.0109084969004085,1270681.6859835042,585.8197232529234,2220.2489386369166,7.067818479237037,0.020058688774974128,Bekker-UKF,0.7965710582925348,21.202456925138453
21,1.0109084969004085,1270681.6859835042,585.8197232529234,2220.2489386369166,7.067818479237037,0.020058688774974128,NN-UKF,0.433600858638496,57.10780352841242
21,1.0109084969004085,1270681.6859835042,585.8197232529234,2220.2489386369166,7.067818479237037,0.020058688774974128,Learned MLP,0.7607375298784916,24.747142574127846
20,0.8300076383076751,3046687.8780026305,7107.875806023925,16395.335911275135,10.468120775191345,0.010048623408550702,Bekker-UKF,1.1116224886743589,33.92918780131661
20,0.8300076383076751,3046687.8780026305,7107.875806023925,16395.335911275135,10.468120775191345,0.010048623408550702,NN-UKF,0.7048442089578404,15.079792470950482
20,0.8300076383076751,3046687.8780026305,7107.875806023925,16395.335911275135,10.468120775191345,0.010048623408550702,Learned MLP,0.49095846430497914,40.84892214895666
22,0.5087708810686109,2840730.3359721415,11789.389889059597,11373.94108789498,9.217981609697,0.014764090324788585,Bekker-UKF,0.6626214502324523,30.239656963208503
22,0.5087708810686109,2840730.3359721415,11789.389889059597,11373.94108789498,9.217981609697,0.014764090324788585,NN-UKF,0.5922255373695302,16.40319039596626
22,0.5087708810686109,2840730.3359721415,11789.389889059597,11373.94108789498,9.217981609697,0.014764090324788585,Learned MLP,0.5855176861308926,15.084747951982717
23,1.1242775414028885,841804.2050257446,3025.678292899953,3366.7356204957364,16.59406464193945,0.011630864956162789,Bekker-UKF,0.4986619920641037,55.646006106119785
23,1.1242775414028885,841804.2050257446,3025.678292899953,3366.7356204957364,16.59406464193945,0.011630864956162789,NN-UKF,0.988719609909246,12.057336956539352
23,1.1242775414028885,841804.2050257446,3025.678292899953,3366.7356204957364,16.59406464193945,0.011630864956162789,Learned MLP,1.2999999999999645,15.629811334468819
24,0.7108536647990151,3174809.8279070314,10242.359641088417,10019.351179352541,35.97122936456992,0.020396757443695138,Bekker-UKF,0.9489823488375911,33.49897395632107
24,0.7108536647990151,3174809.8279070314,10242.359641088417,10019.351179352541,35.97122936456992,0.020396757443695138,NN-UKF,0.8874443239701063,24.84205511144406
24,0.7108536647990151,3174809.8279070314,10242.359641088417,10019.351179352541,35.97122936456992,0.020396757443695138,Learned MLP,0.5628166343294141,20.825246854633104
27,1.289736718602284,2783012.9624333903,9581.084002601225,18909.706898652676,31.53106642153133,0.01775034666674444,Bekker-UKF,0.772057985502687,40.13832634466798
27,1.289736718602284,2783012.9624333903,9581.084002601225,18909.706898652676,31.53106642153133,0.01775034666674444,NN-UKF,1.3579856700740063,5.29169639720619
27,1.289736718602284,2783012.9624333903,9581.084002601225,18909.706898652676,31.53106642153133,0.01775034666674444,Learned MLP,1.0214460187373011,20.801974232053755
25,0.7549429007552306,3334830.227483131,19729.97561152789,2959.2739561276358,32.7658275728554,0.014083704600554733,Bekker-UKF,1.3619086364347768,80.39889309143103
25,0.7549429007552306,3334830.227483131,19729.97561152789,2959.2739561276358,32.7658275728554,0.014083704600554733,NN-UKF,0.8989208973861166,19.07137566123916
25,0.7549429007552306,3334830.227483131,19729.97561152789,2959.2739561276358,32.7658275728554,0.014083704600554733,Learned MLP,0.5360380481759495,28.996213138807303
28,1.2724196281652262,2747498.2882579654,14826.462369745004,12593.994140211718,28.74376417073083,0.017617692913643613,Bekker-UKF,0.8030085766381043,36.89121427684923
28,1.2724196281652262,2747498.2882579654,14826.462369745004,12593.994140211718,28.74376417073083,0.017617692913643613,NN-UKF,1.3548709564157764,6.479884970765608
28,1.2724196281652262,2747498.2882579654,14826.462369745004,12593.994140211718,28.74376417073083,0.017617692913643613,Learned MLP,1.061928154361536,16.542614491668118
26,1.149071032593369,2226832.994675161,1717.6617436914464,13726.653585582539,10.80850569666399,0.012794665443590515,Bekker-UKF,0.919310402766485,19.995337390790468
26,1.149071032593369,2226832.994675161,1717.6617436914464,13726.653585582539,10.80850569666399,0.012794665443590515,NN-UKF,0.9748567750859343,15.161313144779745
26,1.149071032593369,2226832.994675161,1717.6617436914464,13726.653585582539,10.80850569666399,0.012794665443590515,Learned MLP,1.1009571862534953,4.187195131991483
29,1.0758723773280594,1473262.3949218327,17038.081982872376,16776.42576207248,24.276271131857314,0.013670053700205503,Bekker-UKF,0.6340005353519265,41.071027687645106
29,1.0758723773280594,1473262.3949218327,17038.081982872376,16776.42576207248,24.276271131857314,0.013670053700205503,NN-UKF,1.3401369296859087,24.562815992557884
29,1.0758723773280594,1473262.3949218327,17038.081982872376,16776.42576207248,24.276271131857314,0.013670053700205503,Learned MLP,1.0701504959825625,0.531836439532656
30,1.2548574869022937,1225517.6547310948,14734.67290945866,10093.232783165968,33.1733710103169,0.013950895390809246,Bekker-UKF,0.4886063652036066,61.06280033362461
30,1.2548574869022937,1225517.6547310948,14734.67290945866,10093.232783165968,33.1733710103169,0.013950895390809246,NN-UKF,1.361648226361643,8.510188652814264
30,1.2548574869022937,1225517.6547310948,14734.67290945866,10093.232783165968,33.1733710103169,0.013950895390809246,Learned MLP,1.249228806398631,0.44855137435227993
32,1.087988176705481,2013743.2256758735,12384.653119855202,14055.700495504745,33.85632280034785,0.023657588249428735,Bekker-UKF,0.7141518284345203,34.360331874466546
32,1.087988176705481,2013743.2256758735,12384.653119855202,14055.700495504745,33.85632280034785,0.023657588249428735,NN-UKF,1.3378540632711522,22.965864144065044
32,1.087988176705481,2013743.2256758735,12384.653119855202,14055.700495504745,33.85632280034785,0.023657588249428735,Learned MLP,1.0274480563765704,5.564409763369964
33,0.9847209663155629,639974.8863944454,18767.20551701599,2840.7365800931298,23.775471639625486,0.023224946666590588,Bekker-UKF,0.5264539613120871,46.537752386661374
33,0.9847209663155629,639974.8863944454,18767.20551701599,2840.7365800931298,23.775471639625486,0.023224946666590588,NN-UKF,1.330033619928785,35.067056092574695
33,0.9847209663155629,639974.8863944454,18767.20551701599,2840.7365800931298,23.775471639625486,0.023224946666590588,Learned MLP,1.2999999999999645,32.017093620343154
31,1.2747118801759674,1790158.5387723476,13449.731266784056,20388.947016340542,11.556068453594923,0.02414178177170004,Bekker-UKF,0.9669312300682857,24.145115056525096
31,1.2747118801759674,1790158.5387723476,13449.731266784056,20388.947016340542,11.556068453594923,0.02414178177170004,NN-UKF,1.3449723193180054,5.51186822957506
31,1.2747118801759674,1790158.5387723476,13449.731266784056,20388.947016340542,11.556068453594923,0.02414178177170004,Learned MLP,1.270372446126798,0.3404246964867331
17,0.4204014267095729,558859.8629159301,7307.394066081758,8397.51284061525,8.27747053447807,0.02116521478760037,Bekker-UKF,0.9700070484557533,130.73352915280802
17,0.4204014267095729,558859.8629159301,7307.394066081758,8397.51284061525,8.27747053447807,0.02116521478760037,NN-UKF,0.7924095281757731,88.4887818716171
17,0.4204014267095729,558859.8629159301,7307.394066081758,8397.51284061525,8.27747053447807,0.02116521478760037,Learned MLP,0.5806351406072912,38.11445530807224
35,0.48509507530605234,3869282.1070360253,3956.814120389714,7952.813000941027,35.893692390185564,0.013299313403423907,Bekker-UKF,0.8441384335130607,74.0150491077411
35,0.48509507530605234,3869282.1070360253,3956.814120389714,7952.813000941027,35.893692390185564,0.013299313403423907,NN-UKF,0.613330234136912,26.435056828798885
35,0.48509507530605234,3869282.1070360253,3956.814120389714,7952.813000941027,35.893692390185564,0.013299313403423907,Learned MLP,0.5321942027449101,9.709256975891252
34,0.8806093626329451,3561997.439390775,18442.749459839837,6275.756397694421,16.948280702470168,0.02004779632656696,Bekker-UKF,1.3593576133509497,54.36556446397404
34,0.8806093626329451,3561997.439390775,18442.749459839837,6275.756397694421,16.948280702470168,0.02004779632656696,NN-UKF,0.9918265302215471,12.629569058415685
34,0.8806093626329451,3561997.439390775,18442.749459839837,6275.756397694421,16.948280702470168,0.02004779632656696,Learned MLP,0.6598406435932975,25.069994529648014
37,0.6615144874561674,3248976.8320480995,749.595112075813,6180.6276076890235,9.673866374053752,0.010277907983807243,Bekker-UKF,0.7912276156206688,19.608509053718397
37,0.6615144874561674,3248976.8320480995,749.595112075813,6180.6276076890235,9.673866374053752,0.010277907983807243,NN-UKF,0.3455966622812318,47.75675078406633
37,0.6615144874561674,3248976.8320480995,749.595112075813,6180.6276076890235,9.673866374053752,0.010277907983807243,Learned MLP,0.4971369205620457,24.848672253003905
36,0.8423931714274666,799451.8913191967,19143.681655059267,1912.48991901166,10.139997182385724,0.01683687704362244,Bekker-UKF,0.7164365603708824,14.952235527164355
36,0.8423931714274666,799451.8913191967,19143.681655059267,1912.48991901166,10.139997182385724,0.01683687704362244,NN-UKF,0.9519779722542224,13.008747523565544
36,0.8423931714274666,799451.8913191967,19143.681655059267,1912.48991901166,10.139997182385724,0.01683687704362244,Learned MLP,1.1105723459426844,31.83539273719161
38,1.0127210031871652,505510.1454778819,17992.155780654888,12115.757904676635,14.473053984063881,0.018501281883040614,Bekker-UKF,0.5318286990976514,47.48517139232651
38,1.0127210031871652,505510.1454778819,17992.155780654888,12115.757904676635,14.473053984063881,0.018501281883040614,NN-UKF,1.3528487247074517,33.585530511351116
38,1.0127210031871652,505510.1454778819,17992.155780654888,12115.757904676635,14.473053984063881,0.018501281883040614,Learned MLP,1.2999999999999645,28.36704244394012
40,0.44970504443978765,3909672.8720367556,3516.7344578582447,14471.408604676153,11.804857927028545,0.024657428770118416,Bekker-UKF,0.7345804388886373,63.347164540644265
40,0.44970504443978765,3909672.8720367556,3516.7344578582447,14471.408604676153,11.804857927028545,0.024657428770118416,NN-UKF,0.3433630460427388,23.647054822238555
40,0.44970504443978765,3909672.8720367556,3516.7344578582447,14471.408604676153,11.804857927028545,0.024657428770118416,Learned MLP,0.6257576765417934,39.148467262874554
39,1.2990125858271648,1173232.1363250327,18223.977322789426,3506.366177231619,36.41430867991752,0.022092907226549816,Bekker-UKF,0.5458606950213901,57.97879859079229
39,1.2990125858271648,1173232.1363250327,18223.977322789426,3506.366177231619,36.41430867991752,0.022092907226549816,NN-UKF,1.335607943825897,2.817167316006375
39,1.2990125858271648,1173232.1363250327,18223.977322789426,3506.366177231619,36.41430867991752,0.022092907226549816,Learned MLP,1.2999999831628641,0.07601137559961078
42,0.89498608996769,992539.0090072606,8291.657104523718,3857.2173377949466,34.022611855246225,0.019781973146840055,Bekker-UKF,0.4917215791336317,45.05818753547518
42,0.89498608996769,992539.0090072606,8291.657104523718,3857.2173377949466,34.022611855246225,0.019781973146840055,NN-UKF,1.3418352594877059,49.92805748926752
42,0.89498608996769,992539.0090072606,8291.657104523718,3857.2173377949466,34.022611855246225,0.019781973146840055,Learned MLP,1.0882388354842667,21.59282112681252
41,0.6400452120066398,1313354.0083415546,19879.157169358252,17151.14941449965,7.706556415393522,0.01116277967386216,Bekker-UKF,0.8689099508894582,35.75758939986324
41,0.6400452120066398,1313354.0083415546,19879.157169358252,17151.14941449965,7.706556415393522,0.01116277967386216,NN-UKF,0.7731613405027029,20.79792583382097
41,0.6400452120066398,1313354.0083415546,19879.157169358252,17151.14941449965,7.706556415393522,0.01116277967386216,Learned MLP,0.5080699851192595,20.619672549946547
44,1.1165050998915333,2489181.073412393,6940.707985017473,13078.440229258118,29.755392455026698,0.013751173466072825,Bekker-UKF,0.6969355942438099,37.57882572040951
44,1.1165050998915333,2489181.073412393,6940.707985017473,13078.440229258118,29.755392455026698,0.013751173466072825,NN-UKF,1.0215108480195114,8.508178948869151
44,1.1165050998915333,2489181.073412393,6940.707985017473,13078.440229258118,29.755392455026698,0.013751173466072825,Learned MLP,0.9411996699095246,15.701265493461639
43,1.046927777563178,3414282.0145162637,17386.65187559874,16665.793683618147,13.447369605151348,0.019173662024853586,Bekker-UKF,1.0148937077163098,3.0598165922610696
43,1.046927777563178,3414282.0145162637,17386.65187559874,16665.793683618147,13.447369605151348,0.019173662024853586,NN-UKF,0.9965275362633401,4.814108707398055
43,1.046927777563178,3414282.0145162637,17386.65187559874,16665.793683618147,13.447369605151348,0.019173662024853586,Learned MLP,0.8510545507116213,18.709335166124824
45,0.5769704984346947,738598.6447290411,16459.875750439995,1239.2554657873843,37.53992634548543,0.024267314300562868,Bekker-UKF,0.5782385741943604,0.21978173287992261
45,0.5769704984346947,738598.6447290411,16459.875750439995,1239.2554657873843,37.53992634548543,0.024267314300562868,NN-UKF,0.7204640991287494,24.870179858996075
45,0.5769704984346947,738598.6447290411,16459.875750439995,1239.2554657873843,37.53992634548543,0.024267314300562868,Learned MLP,0.7664319318457822,32.83728265571484
46,0.49245113391083334,1133746.2592198295,16310.644728176962,15006.76838031956,26.595712362479123,0.013330539596849118,Bekker-UKF,0.6571488600262536,33.44448104067958
46,0.49245113391083334,1133746.2592198295,16310.644728176962,15006.76838031956,26.595712362479123,0.013330539596849118,NN-UKF,0.5868329233371927,19.16571674367366
46,0.49245113391083334,1133746.2592198295,16310.644728176962,15006.76838031956,26.595712362479123,0.013330539596849118,Learned MLP,0.544909733943405,10.652549343519272
48,0.5350319112017901,1669825.1520397302,8455.33604479445,9827.109404215435,30.38601333462013,0.015139293289365151,Bekker-UKF,0.8029592058223932,50.07688121233445
48,0.5350319112017901,1669825.1520397302,8455.33604479445,9827.109404215435,30.38601333462013,0.015139293289365151,NN-UKF,0.6049730213681447,13.072324977635956
48,0.5350319112017901,1669825.1520397302,8455.33604479445,9827.109404215435,30.38601333462013,0.015139293289365151,Learned MLP,0.5659327189492209,5.7755074231033054
50,1.1005113551789742,3506637.500004596,8109.118057841104,4776.7931680812035,22.598711392661688,0.016469116827892323,Bekker-UKF,0.9188623813795714,16.505870016203655
50,1.1005113551789742,3506637.500004596,8109.118057841104,4776.7931680812035,22.598711392661688,0.016469116827892323,NN-UKF,1.0316888143991276,6.2536874750060285
50,1.1005113551789742,3506637.500004596,8109.118057841104,4776.7931680812035,22.598711392661688,0.016469116827892323,Learned MLP,0.8928852330794744,18.86633164868471
49,0.7458491822708261,2590943.0817921776,13110.336084225279,17694.43877477147,19.0776383907471,0.02168246595899502,Bekker-UKF,0.9740443818930179,30.595354268194615
49,0.7458491822708261,2590943.0817921776,13110.336084225279,17694.43877477147,19.0776383907471,0.02168246595899502,NN-UKF,0.8827776458218309,18.3587334820305
49,0.7458491822708261,2590943.0817921776,13110.336084225279,17694.43877477147,19.0776383907471,0.02168246595899502,Learned MLP,0.6382501966180305,14.42637308057344
51,0.4161651007439924,2120789.0422475548,13779.796297748519,19469.07086769118,36.829098635585716,0.010931511480750963,Bekker-UKF,0.6316219224226076,51.77195812273442
51,0.4161651007439924,2120789.0422475548,13779.796297748519,19469.07086769118,36.829098635585716,0.010931511480750963,NN-UKF,0.7389374474574033,77.55872516373428
51,0.4161651007439924,2120789.0422475548,13779.796297748519,19469.07086769118,36.829098635585716,0.010931511480750963,Learned MLP,0.4552314891941718,9.38723318710269
47,0.8093967866693444,1852198.328560978,16052.796780326082,7047.019966461404,12.326950652030064,0.02381384477015691,Bekker-UKF,1.3155775464487656,62.53802438014948
47,0.8093967866693444,1852198.328560978,16052.796780326082,7047.019966461404,12.326950652030064,0.02381384477015691,NN-UKF,0.9582590333610208,18.39175162830115
47,0.8093967866693444,1852198.328560978,16052.796780326082,7047.019966461404,12.326950652030064,0.02381384477015691,Learned MLP,0.5933387503175191,26.693710663332485
53,0.6867814512659798,3760409.3668416273,3385.9762031387345,9467.229309602657,8.817808036495867,0.012382212430699499,Bekker-UKF,0.8117541164458013,18.196860871745
53,0.6867814512659798,3760409.3668416273,3385.9762031387345,9467.229309602657,8.817808036495867,0.012382212430699499,NN-UKF,0.4386512219787717,36.12943081526398
53,0.6867814512659798,3760409.3668416273,3385.9762031387345,9467.229309602657,8.817808036495867,0.012382212430699499,Learned MLP,0.5085082412049139,25.95777881485379
55,0.6590863705822192,983376.2260801035,8653.361141918895,13102.673173093794,25.37289311682078,0.02362878898770067,Bekker-UKF,0.5429985317878449,17.613448551792303
55,0.6590863705822192,983376.2260801035,8653.361141918895,13102.673173093794,25.37289311682078,0.02362878898770067,NN-UKF,0.579891099416077,12.015916987660244
55,0.6590863705822192,983376.2260801035,8653.361141918895,13102.673173093794,25.37289311682078,0.02362878898770067,Learned MLP,0.8843078920812281,34.17177650025659
54,1.2399896692115178,2635867.5226664366,2947.3128943510164,18881.628585152688,23.12471440903876,0.018379609604256292,Bekker-UKF,0.8475257487141513,31.650579859018148
54,1.2399896692115178,2635867.5226664366,2947.3128943510164,18881.628585152688,23.12471440903876,0.018379609604256292,NN-UKF,1.2158383498063223,1.9477032756694441
54,1.2399896692115178,2635867.5226664366,2947.3128943510164,18881.628585152688,23.12471440903876,0.018379609604256292,Learned MLP,1.078579943368635,13.017021822893067
56,0.5661427291121105,927785.1801140982,12963.317321119386,11538.19076890139,19.62461622234996,0.02488413932311117,Bekker-UKF,0.7454801101910637,31.677061606038915
56,0.5661427291121105,927785.1801140982,12963.317321119386,11538.19076890139,19.62461622234996,0.02488413932311117,NN-UKF,0.567481192385797,0.23641799229420554
56,0.5661427291121105,927785.1801140982,12963.317321119386,11538.19076890139,19.62461622234996,0.02488413932311117,Learned MLP,0.6736708771138576,18.993116483255918
57,0.4749543575607794,3510828.2552145505,12638.625957665541,18066.30276487707,32.71682027187634,0.013491868748908281,Bekker-UKF,0.7739305848927909,62.94841232059899
57,0.4749543575607794,3510828.2552145505,12638.625957665541,18066.30276487707,32.71682027187634,0.013491868748908281,NN-UKF,0.5842180606660726,23.005095408838493
57,0.4749543575607794,3510828.2552145505,12638.625957665541,18066.30276487707,32.71682027187634,0.013491868748908281,Learned MLP,0.5432997653361753,14.389889615161557
58,0.7238303471847845,3147451.860851267,11079.935676872012,19604.511254361983,20.942338857332675,0.016617301262777714,Bekker-UKF,0.9800927614729251,35.4036571255723
58,0.7238303471847845,3147451.860851267,11079.935676872012,19604.511254361983,20.942338857332675,0.016617301262777714,NN-UKF,0.7805416593519567,7.834890093754888
58,0.7238303471847845,3147451.860851267,11079.935676872012,19604.511254361983,20.942338857332675,0.016617301262777714,Learned MLP,0.504810528802094,30.25844650400898
60,1.1974558796797554,2940499.0771228448,12462.735462838999,9574.54032346373,19.81218353270267,0.020886488206524494,Bekker-UKF,0.9860257409296997,17.65661201702062
60,1.1974558796797554,2940499.0771228448,12462.735462838999,9574.54032346373,19.81218353270267,0.020886488206524494,NN-UKF,1.2631987310457302,5.490210744429006
60,1.1974558796797554,2940499.0771228448,12462.735462838999,9574.54032346373,19.81218353270267,0.020886488206524494,Learned MLP,1.0341501194684515,13.637726698955959
61,0.4270152215039677,3273915.28771485,9141.757056766834,8655.077820682567,11.275145268951487,0.019707914499871727,Bekker-UKF,0.7016213228060731,64.30826993354705
61,0.4270152215039677,3273915.28771485,9141.757056766834,8655.077820682567,11.275145268951487,0.019707914499871727,NN-UKF,0.619765751180484,45.13903017265753
61,0.4270152215039677,3273915.28771485,9141.757056766834,8655.077820682567,11.275145268951487,0.019707914499871727,Learned MLP,0.6237255390163912,46.066347897295195
52,0.47002104617684304,1103733.5408728025,10020.558724334356,7644.269007640927,18.864944487542342,0.018643099226522606,Bekker-UKF,1.2432432080957134,164.50798708021034
52,0.47002104617684304,1103733.5408728025,10020.558724334356,7644.269007640927,18.864944487542342,0.018643099226522606,NN-UKF,0.5591882838925947,18.97090320551368
52,0.47002104617684304,1103733.5408728025,10020.558724334356,7644.269007640927,18.864944487542342,0.018643099226522606,Learned MLP,0.6680880124668397,42.14002072908772
62,0.8352779932460315,770968.2527243816,3734.1257008866,4874.529749130826,18.628950312941523,0.02444953000540639,Bekker-UKF,0.6513539710641831,22.01949813942643
62,0.8352779932460315,770968.2527243816,3734.1257008866,4874.529749130826,18.628950312941523,0.02444953000540639,NN-UKF,0.9290845489191657,11.230579092427192
62,0.8352779932460315,770968.2527243816,3734.1257008866,4874.529749130826,18.628950312941523,0.02444953000540639,Learned MLP,1.2103736989043727,44.90669078933301
59,0.561662808841854,2213964.0213857777,8835.713563234493,5715.726005685856,31.171862473248073,0.010365184563784697,Bekker-UKF,1.2927275405589322,130.16078690069048
59,0.561662808841854,2213964.0213857777,8835.713563234493,5715.726005685856,31.171862473248073,0.010365184563784697,NN-UKF,0.720790922932978,28.331609568247064
59,0.561662808841854,2213964.0213857777,8835.713563234493,5715.726005685856,31.171862473248073,0.010365184563784697,Learned MLP,0.510463723000793,9.115626855663328
63,0.9104777883671257,1910987.0475770426,5969.603055901267,7326.714614776358,13.746204597276611,0.022661258936292887,Bekker-UKF,1.0283627258020847,12.947590698107733
63,0.9104777883671257,1910987.0475770426,5969.603055901267,7326.714614776358,13.746204597276611,0.022661258936292887,NN-UKF,0.9860036934993858,8.295194687583779
63,0.9104777883671257,1910987.0475770426,5969.603055901267,7326.714614776358,13.746204597276611,0.022661258936292887,Learned MLP,0.8917392622512057,2.0580981057787393
65,0.8167085488710901,1056598.1941006405,7523.102983190276,2564.3614112337077,30.501537309193605,0.02129303705753034,Bekker-UKF,0.5501964397134693,32.63246228119099
65,0.8167085488710901,1056598.1941006405,7523.102983190276,2564.3614112337077,30.501537309193605,0.02129303705753034,NN-UKF,0.9872019496767052,20.87567236087862
65,0.8167085488710901,1056598.1941006405,7523.102983190276,2564.3614112337077,30.501537309193605,0.02129303705753034,Learned MLP,1.0207489671633616,24.983259765593242
64,1.1571455901915324,1354084.0135470205,859.1310405051894,17576.29948992147,15.218848711155132,0.019401597691790912,Bekker-UKF,0.7868811408881712,31.99808670938931
64,1.1571455901915324,1354084.0135470205,859.1310405051894,17576.29948992147,15.218848711155132,0.019401597691790912,NN-UKF,1.1412801941856185,1.371080367102967
64,1.1571455901915324,1354084.0135470205,859.1310405051894,17576.29948992147,15.218848711155132,0.019401597691790912,Learned MLP,1.2665620720780895,9.455723014806312
66,0.6218923506133277,1530046.0852496442,12115.996956239136,16983.730132144527,15.378415653060614,0.020982055210148363,Bekker-UKF,0.8419450270034863,35.38436775643509
66,0.6218923506133277,1530046.0852496442,12115.996956239136,16983.730132144527,15.378415653060614,0.020982055210148363,NN-UKF,0.6970139242124793,12.079514006735186
66,0.6218923506133277,1530046.0852496442,12115.996956239136,16983.730132144527,15.378415653060614,0.020982055210148363,Learned MLP,0.6533093974242542,5.0518464779221235
67,0.46116422284114106,1636561.5165068263,18180.23616516565,18127.52312493771,37.206195592425345,0.012927317801487283,Bekker-UKF,0.6175425747538487,33.90947176025314
67,0.46116422284114106,1636561.5165068263,18180.23616516565,18127.52312493771,37.206195592425345,0.012927317801487283,NN-UKF,0.8628161747332496,87.09521077277216
67,0.46116422284114106,1636561.5165068263,18180.23616516565,18127.52312493771,37.206195592425345,0.012927317801487283,Learned MLP,0.4403290176719606,4.517957841746464
68,1.2083658111808302,3357152.929951803,10467.03765108196,4409.603196576916,26.26346951142956,0.017983696099899592,Bekker-UKF,0.8814487344628236,27.054479172870604
68,1.2083658111808302,3357152.929951803,10467.03765108196,4409.603196576916,26.26346951142956,0.017983696099899592,NN-UKF,1.3074700401974289,8.201508855977377
68,1.2083658111808302,3357152.929951803,10467.03765108196,4409.603196576916,26.26346951142956,0.017983696099899592,Learned MLP,0.9980943359913577,17.401309540857714
69,0.9332035828967052,1696969.5476454303,4.885077545365268,945.7648370158704,8.194215735612497,0.017060924234377686,Bekker-UKF,0.716745293730193,23.19518410919685
69,0.9332035828967052,1696969.5476454303,4.885077545365268,945.7648370158704,8.194215735612497,0.017060924234377686,NN-UKF,0.6316271666939445,32.31625143000997
69,0.9332035828967052,1696969.5476454303,4.885077545365268,945.7648370158704,8.194215735612497,0.017060924234377686,Learned MLP,0.8946964315363545,4.126339854035157
71,0.4067586802895663,2097962.030388912,1801.1089636276065,14237.894260809093,17.17965588173743,0.01741377192909141,Bekker-UKF,0.5759352094359974,41.5913752660414
71,0.4067586802895663,2097962.030388912,1801.1089636276065,14237.894260809093,17.17965588173743,0.01741377192909141,NN-UKF,0.24778385442501616,39.08332718342434
71,0.4067586802895663,2097962.030388912,1801.1089636276065,14237.894260809093,17.17965588173743,0.01741377192909141,Learned MLP,0.41975067088366497,3.1940290948062464
70,1.0227499171306573,2544505.43538492,17525.953076147543,19837.119027223347,6.491256200430428,0.018736597665936768,Bekker-UKF,1.0489836990613353,2.5650241071910584
70,1.0227499171306573,2544505.43538492,17525.953076147543,19837.119027223347,6.491256200430428,0.018736597665936768,NN-UKF,1.0797725029580927,5.5754182789291455
70,1.0227499171306573,2544505.43538492,17525.953076147543,19837.119027223347,6.491256200430428,0.018736597665936768,Learned MLP,0.9089042605906609,11.131328845216867
72,0.9896616197539937,1976156.0338597286,14191.593208455908,15497.0687862207,21.994878617513717,0.02317725045210275,Bekker-UKF,0.7993691672715189,19.228031953969985
72,0.9896616197539937,1976156.0338597286,14191.593208455908,15497.0687862207,21.994878617513717,0.02317725045210275,NN-UKF,1.1730710661480552,18.532541096183234
72,0.9896616197539937,1976156.0338597286,14191.593208455908,15497.0687862207,21.994878617513717,0.02317725045210275,Learned MLP,0.9793421108717015,1.0427310381964034
75,1.2142720699314076,2071402.2836131642,4148.731088431918,9122.967905467236,17.860365325739203,0.011895649215516424,Bekker-UKF,0.7673394414131012,36.806630044908545
75,1.2142720699314076,2071402.2836131642,4148.731088431918,9122.967905467236,17.860365325739203,0.011895649215516424,NN-UKF,1.2936498556468412,6.537067571678361
75,1.2142720699314076,2071402.2836131642,4148.731088431918,9122.967905467236,17.860365325739203,0.011895649215516424,Learned MLP,1.1603765066016045,4.4385080299876725
73,1.1440081995932772,3210976.163891456,4560.2833203444525,12076.072436839822,6.841388822829013,0.020342505941266475,Bekker-UKF,1.3407523048535037,17.197788034226843
73,1.1440081995932772,3210976.163891456,4560.2833203444525,12076.072436839822,6.841388822829013,0.020342505941266475,NN-UKF,1.1026816535842103,3.6124344234385224
73,1.1440081995932772,3210976.163891456,4560.2833203444525,12076.072436839822,6.841388822829013,0.020342505941266475,Learned MLP,0.8147344925898345,28.782460398492553
76,0.693640735932836,2871803.478950401,2104.259962565596,15742.556788106966,30.844038853919262,0.023392859222629472,Bekker-UKF,0.9109983274922228,31.335759320287824
76,0.693640735932836,2871803.478950401,2104.259962565596,15742.556788106966,30.844038853919262,0.023392859222629472,NN-UKF,0.8603429077755997,24.032927019284113
76,0.693640735932836,2871803.478950401,2104.259962565596,15742.556788106966,30.844038853919262,0.023392859222629472,Learned MLP,0.6549270456284297,5.581230786906217
74,0.5324734656514838,2421199.9074033652,6122.530464552353,3157.2080220472926,35.21740429145978,0.014582180792591624,Bekker-UKF,1.3317280810646106,150.10224301698022
74,0.5324734656514838,2421199.9074033652,6122.530464552353,3157.2080220472926,35.21740429145978,0.014582180792591624,NN-UKF,0.613772689457314,15.2682206814494
74,0.5324734656514838,2421199.9074033652,6122.530464552353,3157.2080220472926,35.21740429145978,0.014582180792591624,Learned MLP,0.5222958507933928,1.9113844190599487
78,1.2586683943269992,3709724.669959309,5412.845770142776,3966.793533671035,29.36165462268534,0.022781025158427164,Bekker-UKF,0.923853971133213,26.600685669302834
78,1.2586683943269992,3709724.669959309,5412.845770142776,3966.793533671035,29.36165462268534,0.022781025158427164,NN-UKF,1.1709851319423006,6.96635132652093
78,1.2586683943269992,3709724.669959309,5412.845770142776,3966.793533671035,29.36165462268534,0.022781025158427164,Learned MLP,1.005587729054247,20.107016781657777
77,0.7648613700026661,2959510.0287478766,6663.941913683752,13509.743999333989,20.39921698474164,0.019554092471844857,Bekker-UKF,1.0163157180785214,32.875807033499264
77,0.7648613700026661,2959510.0287478766,6663.941913683752,13509.743999333989,20.39921698474164,0.019554092471844857,NN-UKF,0.7631151794255816,0.22830157798116874
77,0.7648613700026661,2959510.0287478766,6663.941913683752,13509.743999333989,20.39921698474164,0.019554092471844857,Learned MLP,0.6020899530559736,21.281165885802956
79,0.9272567147278381,2159705.02312207,5380.967695668035,1591.4523587928425,21.552086080575755,0.010714839186417711,Bekker-UKF,0.7012988392269296,24.36842698596473
79,0.9272567147278381,2159705.02312207,5380.967695668035,1591.4523587928425,21.552086080575755,0.010714839186417711,NN-UKF,0.8040352055210446,13.288823607274782
79,0.9272567147278381,2159705.02312207,5380.967695668035,1591.4523587928425,21.552086080575755,0.010714839186417711,Learned MLP,0.8779108177957653,5.321708233361941
80,0.43916582922404646,3103313.33601247,2401.1792167167987,13432.571762574407,15.827193396891285,0.010893014550770515,Bekker-UKF,0.5895970351586703,34.25385035088405
80,0.43916582922404646,3103313.33601247,2401.1792167167987,13432.571762574407,15.827193396891285,0.010893014550770515,NN-UKF,0.265869542742226,39.46033023289045
80,0.43916582922404646,3103313.33601247,2401.1792167167987,13432.571762574407,15.827193396891285,0.010893014550770515,Learned MLP,0.41487578810236325,5.530949701756351
82,0.8620251658932855,1600254.2591616323,1405.804963989343,19232.167947948183,25.542112297970142,0.012124756709680527,Bekker-UKF,0.5822335837864802,32.45747260949945
82,0.8620251658932855,1600254.2591616323,1405.804963989343,19232.167947948183,25.542112297970142,0.012124756709680527,NN-UKF,1.352624385392648,56.9124010423724
82,0.8620251658932855,1600254.2591616323,1405.804963989343,19232.167947948183,25.542112297970142,0.012124756709680527,Learned MLP,0.8707207177741126,1.0087352695575043
81,1.0349151907876046,1879665.7448920435,15749.50313379561,4580.452144082719,10.22007678778518,0.012582913245193216,Bekker-UKF,0.9888834104438171,4.447879473945669
81,1.0349151907876046,1879665.7448920435,15749.50313379561,4580.452144082719,10.22007678778518,0.012582913245193216,NN-UKF,1.3472618680267507,30.180895982543262
81,1.0349151907876046,1879665.7448920435,15749.50313379561,4580.452144082719,10.22007678778518,0.012582913245193216,Learned MLP,0.9971698124226164,3.647195316194246
85,1.2348510673710464,1802408.109947402,7865.369160976262,8746.01480622061,34.87443150484174,0.015824788642773292,Bekker-UKF,0.5943369331980185,51.86974778559001
85,1.2348510673710464,1802408.109947402,7865.369160976262,8746.01480622061,34.87443150484174,0.015824788642773292,NN-UKF,1.3664615136317613,10.6580015791628
85,1.2348510673710464,1802408.109947402,7865.369160976262,8746.01480622061,34.87443150484174,0.015824788642773292,Learned MLP,1.0905559695900562,11.685222744163742
83,0.7296003126487667,2301358.6552231307,18825.525559456233,19903.40677360698,21.722939209863032,0.01788465879745372,Bekker-UKF,0.8809273654117046,20.741089352546304
83,0.7296003126487667,2301358.6552231307,18825.525559456233,19903.40677360698,21.722939209863032,0.01788465879745372,NN-UKF,0.7863890916927028,7.783546423899971
83,0.7296003126487667,2301358.6552231307,18825.525559456233,19903.40677360698,21.722939209863032,0.01788465879745372,Learned MLP,0.5377905279972365,26.28970702536807
86,1.2191744495834502,893829.5036123833,10816.381246552326,1760.6535191084681,24.777530540674803,0.018902494051558028,Bekker-UKF,0.5312091651264323,56.42878135217415
86,1.2191744495834502,893829.5036123833,10816.381246552326,1760.6535191084681,24.777530540674803,0.018902494051558028,NN-UKF,1.2885657679430438,5.6916644195834465
86,1.2191744495834502,893829.5036123833,10816.381246552326,1760.6535191084681,24.777530540674803,0.018902494051558028,Learned MLP,1.2999999999999645,6.629531191711702
84,0.9682212953850752,1480948.571621911,14528.549929601868,12772.570538032329,13.981836346180414,0.02250686557962822,Bekker-UKF,0.867542731114045,10.398300961867285
84,0.9682212953850752,1480948.571621911,14528.549929601868,12772.570538032329,13.981836346180414,0.02250686557962822,NN-UKF,0.9593892701659391,0.9121907627143693
84,0.9682212953850752,1480948.571621911,14528.549929601868,12772.570538032329,13.981836346180414,0.02250686557962822,Learned MLP,1.0560222322461132,9.06827161099761
87,0.585865791897195,592755.0432637456,15156.246609922177,11227.223757413934,16.49375582215412,0.022179904102354382,Bekker-UKF,0.5386977110228146,8.051004432540283
87,0.585865791897195,592755.0432637456,15156.246609922177,11227.223757413934,16.49375582215412,0.022179904102354382,NN-UKF,0.5558943164593277,5.115757883868141
87,0.585865791897195,592755.0432637456,15156.246609922177,11227.223757413934,16.49375582215412,0.022179904102354382,Learned MLP,0.9476987115700471,61.76037663867306
89,1.1665101022903102,3849481.273993615,11353.379619671248,10596.253122525131,32.01120858599848,0.022317179930706837,Bekker-UKF,0.8884450795629242,23.837343729937434
89,1.1665101022903102,3849481.273993615,11353.379619671248,10596.253122525131,32.01120858599848,0.022317179930706837,NN-UKF,1.11333630360506,4.55836589677615
89,1.1665101022903102,3849481.273993615,11353.379619671248,10596.253122525131,32.01120858599848,0.022317179930706837,Learned MLP,0.9153144410326268,21.533946492575517
90,0.7699728887469185,3398675.5411008876,11592.944154606817,15291.648524312242,18.198936524065235,0.014301602093027561,Bekker-UKF,1.0944963583059215,42.14738912264095
90,0.7699728887469185,3398675.5411008876,11592.944154606817,15291.648524312242,18.198936524065235,0.014301602093027561,NN-UKF,0.8019598348081705,4.154295109443225
90,0.7699728887469185,3398675.5411008876,11592.944154606817,15291.648524312242,18.198936524065235,0.014301602093027561,Learned MLP,0.5149668927039722,33.118827918467645
88,0.5181359887738679,2495713.3006062116,7630.476469156957,6598.726498346292,23.366939545286247,0.011232694681135975,Bekker-UKF,1.3250239898289426,155.72900136979828
88,0.5181359887738679,2495713.3006062116,7630.476469156957,6598.726498346292,23.366939545286247,0.011232694681135975,NN-UKF,0.5246694888085516,1.2609624068277394
88,0.5181359887738679,2495713.3006062116,7630.476469156957,6598.726498346292,23.366939545286247,0.011232694681135975,Learned MLP,0.5271631161174815,1.7422312943317462
91,0.7844351323454453,2633536.0493372064,9679.330888303324,6680.237293807533,30.085034637930544,0.02179408635934016,Bekker-UKF,1.0154243951460113,29.446572861915662
91,0.7844351323454453,2633536.0493372064,9679.330888303324,6680.237293807533,30.085034637930544,0.02179408635934016,NN-UKF,0.9480053512102284,20.851975150030764
91,0.7844351323454453,2633536.0493372064,9679.330888303324,6680.237293807533,30.085034637930544,0.02179408635934016,Learned MLP,0.6483438406190497,17.348954185604274
92,0.8756526391517991,3583566.545690609,13354.496176990246,18614.882528770777,20.046180696927912,0.0162975766527272,Bekker-UKF,1.057093299089256,20.720620463521865
92,0.8756526391517991,3583566.545690609,13354.496176990246,18614.882528770777,20.046180696927912,0.0162975766527272,NN-UKF,0.9059062002432317,3.454972866950715
92,0.8756526391517991,3583566.545690609,13354.496176990246,18614.882528770777,20.046180696927912,0.0162975766527272,Learned MLP,0.5189590641363768,40.73459715269442
93,0.7998554021191127,3957392.2371226354,5669.44075306169,5536.29946068172,23.984476390593827,0.02070118467622919,Bekker-UKF,1.2904359697219212,61.33365684635989
93,0.7998554021191127,3957392.2371226354,5669.44075306169,5536.29946068172,23.984476390593827,0.02070118467622919,NN-UKF,0.7703472795724351,3.6891821282321327
93,0.7998554021191127,3957392.2371226354,5669.44075306169,5536.29946068172,23.984476390593827,0.02070118467622919,Learned MLP,0.6333598549181649,20.815705783800357
94,0.940949849835796,3014735.1469449853,15964.466183618011,9063.137907226523,9.080091745312586,0.021974306096650367,Bekker-UKF,1.3586490717860158,44.39123105478065
94,0.940949849835796,3014735.1469449853,15964.466183618011,9063.137907226523,9.080091745312586,0.021974306096650367,NN-UKF,1.0280758183867982,9.259363670253673
94,0.940949849835796,3014735.1469449853,15964.466183618011,9063.137907226523,9.080091745312586,0.021974306096650367,Learned MLP,0.5689615634383879,39.53327443139752
96,0.961920170437035,2338836.051725689,15496.69950077664,10420.570755968178,28.042823133624037,0.019127756974002902,Bekker-UKF,0.7376538179326777,23.314445355945185
96,0.961920170437035,2338836.051725689,15496.69950077664,10420.570755968178,28.042823133624037,0.019127756974002902,NN-UKF,1.3235265020437121,37.59213526444572
96,0.961920170437035,2338836.051725689,15496.69950077664,10420.570755968178,28.042823133624037,0.019127756974002902,Learned MLP,0.8869879731868353,7.789856118325841
95,0.5056041577361206,2694755.802529713,15287.097429001535,12472.577483113235,12.461772301783247,0.010571229882821014,Bekker-UKF,0.5918776789718401,17.063451697473276
95,0.5056041577361206,2694755.802529713,15287.097429001535,12472.577483113235,12.461772301783247,0.010571229882821014,NN-UKF,0.32405265527619165,35.90783415880893
95,0.5056041577361206,2694755.802529713,15287.097429001535,12472.577483113235,12.461772301783247,0.010571229882821014,Learned MLP,0.449526491427312,11.091219376023409
97,1.136934680656025,3749075.585661171,10617.332579611135,14533.394619557786,33.51110578828184,0.014441549755634577,Bekker-UKF,0.7608230222205762,33.08120201051725
97,1.136934680656025,3749075.585661171,10617.332579611135,14533.394619557786,33.51110578828184,0.014441549755634577,NN-UKF,1.0890739497399622,4.209628902202771
97,1.136934680656025,3749075.585661171,10617.332579611135,14533.394619557786,33.51110578828184,0.014441549755634577,Learned MLP,0.5605913930985036,50.69273524359063
98,0.9026585755268122,1563264.6256444892,19405.739999554018,20134.95889136012,17.531205921110164,0.023019674853524213,Bekker-UKF,0.75399222277939,16.469832202132135
98,0.9026585755268122,1563264.6256444892,19405.739999554018,20134.95889136012,17.531205921110164,0.023019674853524213,NN-UKF,1.2060655024359361,33.61259009056096
98,0.9026585755268122,1563264.6256444892,19405.739999554018,20134.95889136012,17.531205921110164,0.023019674853524213,Learned MLP,0.9625800991203148,6.638337597195163
99,1.0723106537529898,861911.85951075,14376.063995951645,14740.391849439116,24.780787819313982,0.012092209386666556,Bekker-UKF,0.46674826884006837,56.47266328964542
99,1.0723106537529898,861911.85951075,14376.063995951645,14740.391849439116,24.780787819313982,0.012092209386666556,NN-UKF,1.3266352911242925,23.717440135579135
99,1.0723106537529898,861911.85951075,14376.063995951645,14740.391849439116,24.780787819313982,0.012092209386666556,Learned MLP,1.2581131817855844,17.327304114931863
