experiment,variant,transition,start_preset,end_preset,transition_x,transition_width,distribution,case_label,terrain,path,speed_mps,bumpiness,seed,status,run_dir,diag_csv,rms_cte_m,mean_speed_mps,excitation_source,notes,n_est_pre,n_est_post,n_true_start,n_true_end,pre_abs_err,post_abs_err,track_rmse,response_dist_m,response_time_s,crossed_transition,trace_x_json,trace_nhat_json,trace_ntrue_json,response_frac
terrain_transition_ol_benchmark,clay_to_dirt,clay_to_dirt,clay,dirt,45.0,2.0,transition_ol,clay_to_dirt,clay,sinusoidal,5.0,0,720,ok,/home/ksha/Documents/sbel/chrono_hil/chrono-HIL/project/SCM_Final/benchmarking/results/terrain_transition_ol_benchmark_20260606_021737/raw/0000_clay_to_dirt_sinusoidal_v5_b0_s720,/home/ksha/Documents/sbel/chrono_hil/chrono-HIL/project/SCM_Final/benchmarking/results/terrain_transition_ol_benchmark_20260606_021737/raw/0000_clay_to_dirt_sinusoidal_v5_b0_s720/open_loop_diag.csv,,7.240022846076961,open_loop_command,,0.5281101916666666,0.6785836871165646,0.5,0.7,0.0281101916666666,0.0214163128834353,0.1054302152618399,24.391279999999995,2.844000000000001,1,"[1.544, 1.615, 1.663, 1.699, 1.763, 1.911, 2.315, 2.777, 3.333, 3.988, 4.822, 5.641, 6.566, 7.614, 8.761, 9.847, 11.124, 12.306, 13.462, 14.654, 15.938, 17.472, 19.037, 20.706, 22.409, 24.364, 26.23, 28.206, 30.237, 32.351, 34.443, 36.639, 38.943, 41.148, 43.435, 45.838, 48.107, 50.434, 52.812, 55.085, 57.324, 59.505, 61.884, 64.117, 66.506, 68.797, 71.185, 73.56, 76.016, 78.232, 80.756, 82.923, 85.31, 87.445, 89.638, 91.976, 94.39, 96.803, 99.091, 101.53, 103.817, 106.155, 108.343, 110.737, 112.952, 115.234, 117.524, 119.883, 122.219, 124.718, 126.963, 129.386, 131.675, 133.996, 136.138, 138.331, 140.566, 142.939, 145.216, 147.596, 150.052, 152.367, 154.9, 157.127, 159.433, 161.621, 163.907, 166.114, 168.322, 170.561]","[0.7, 0.7, 0.7, 0.7, 0.7, 0.7, 0.7, 0.7, 0.7, 0.7, 0.7, 0.7, 0.7, 0.7, 0.7, 0.7, 0.6345, 0.6237, 0.5903, 0.6556, 0.6363, 0.5796, 0.5499, 0.5287, 0.5178, 0.5132, 0.513, 0.5212, 0.549, 0.5551, 0.5412, 0.5292, 0.5214, 0.5246, 0.5349, 0.544, 0.5362, 0.525, 0.5186, 0.5144, 0.5567, 0.5566, 0.552, 0.5614, 0.5983, 0.6328, 0.6562, 0.6686, 0.6763, 0.6827, 0.688, 0.6921, 0.6902, 0.6774, 0.6752, 0.6804, 0.6882, 0.6895, 0.6723, 0.6551, 0.6684, 0.677, 0.6818, 0.6825, 0.6542, 0.6536, 0.6629, 0.6714, 0.6802, 0.6759, 0.6644, 0.6691, 0.6795, 0.684, 0.6856, 0.6791, 0.6743, 0.6797, 0.6849, 0.6886, 0.6883, 0.6838, 0.6862, 0.6894, 0.6929, 0.6926, 0.6861, 0.6794, 0.6847, 0.6892]","[0.5, 0.5, 0.5, 0.5, 0.5, 0.5, 0.5, 0.5, 0.5, 0.5, 0.5, 0.5, 0.5, 0.5, 0.5, 0.5, 0.5, 0.5, 0.5, 0.5, 0.5, 0.5, 0.5, 0.5, 0.5, 0.5, 0.5, 0.5, 0.5, 0.5, 0.5, 0.5, 0.5, 0.5, 0.5, 0.6838, 0.7, 0.7, 0.7, 0.7, 0.7, 0.7, 0.7, 0.7, 0.7, 0.7, 0.7, 0.7, 0.7, 0.7, 0.7, 0.7, 0.7, 0.7, 0.7, 0.7, 0.7, 0.7, 0.7, 0.7, 0.7, 0.7, 0.7, 0.7, 0.7, 0.7, 0.7, 0.7, 0.7, 0.7, 0.7, 0.7, 0.7, 0.7, 0.7, 0.7, 0.7, 0.7, 0.7, 0.7, 0.7, 0.7, 0.7, 0.7, 0.7, 0.7, 0.7, 0.7, 0.7, 0.7]",0.63
terrain_transition_ol_benchmark,clay_to_sand,clay_to_sand,clay,sand,45.0,2.0,transition_ol,clay_to_sand,clay,sinusoidal,5.0,0,721,ok,/home/ksha/Documents/sbel/chrono_hil/chrono-HIL/project/SCM_Final/benchmarking/results/terrain_transition_ol_benchmark_20260606_021737/raw/0006_clay_to_sand_sinusoidal_v5_b0_s721,/home/ksha/Documents/sbel/chrono_hil/chrono-HIL/project/SCM_Final/benchmarking/results/terrain_transition_ol_benchmark_20260606_021737/raw/0006_clay_to_sand_sinusoidal_v5_b0_s721/open_loop_diag.csv,,6.72496923888056,open_loop_command,,0.5331828185654007,0.6801446855941115,0.5,1.1,0.0331828185654007,0.4198553144058886,0.3508714439198869,,,1,"[1.522, 1.616, 1.655, 1.675, 1.71, 1.808, 2.037, 2.386, 2.908, 3.5, 4.176, 4.953, 5.89, 6.738, 7.834, 8.96, 10.143, 11.313, 12.429, 13.622, 14.918, 16.319, 17.866, 19.454, 21.266, 23.036, 24.884, 26.929, 28.829, 30.961, 32.904, 35.261, 37.365, 39.583, 41.945, 44.229, 46.572, 48.81, 51.214, 53.356, 55.572, 57.628, 59.801, 61.825, 64.133, 66.294, 68.567, 70.649, 72.893, 74.966, 77.246, 79.278, 81.264, 83.321, 85.303, 87.604, 89.734, 91.916, 94.085, 96.213, 98.289, 100.405, 102.423, 104.419, 106.497, 108.486, 110.632, 112.805, 114.988, 117.161, 119.204, 121.488, 123.464, 125.518, 127.445, 129.387, 131.403, 133.47, 135.606, 137.688, 140.034, 142.157, 144.255, 146.363, 148.353, 150.199, 152.322, 154.246, 156.307, 158.3]","[0.7, 0.7, 0.7, 0.7, 0.7, 0.7, 0.7, 0.7, 0.7, 0.7, 0.7, 0.7, 0.7, 0.7, 0.7, 0.7, 0.6948, 0.6673, 0.6033, 0.5393, 0.5375, 0.5149, 0.5, 0.5, 0.501, 0.5015, 0.5065, 0.5224, 0.5416, 0.5566, 0.5452, 0.5255, 0.5207, 0.546, 0.5853, 0.6038, 0.5742, 0.5495, 0.5341, 0.549, 0.6158, 0.6194, 0.6136, 0.6246, 0.6593, 0.6804, 0.6782, 0.6528, 0.6375, 0.6426, 0.6324, 0.6042, 0.579, 0.5716, 0.5973, 0.6485, 0.6641, 0.6535, 0.6343, 0.6307, 0.678, 0.6892, 0.6858, 0.6706, 0.6464, 0.6728, 0.717, 0.7339, 0.7291, 0.7085, 0.7007, 0.7323, 0.7518, 0.7323, 0.7111, 0.6873, 0.695, 0.7238, 0.7281, 0.7217, 0.6974, 0.6907, 0.7175, 0.7316, 0.7102, 0.6914, 0.6675, 0.6627, 0.7021, 0.6999]","[0.5, 0.5, 0.5, 0.5, 0.5, 0.5, 0.5, 0.5, 0.5, 0.5, 0.5, 0.5, 0.5, 0.5, 0.5, 0.5, 0.5, 0.5, 0.5, 0.5, 0.5, 0.5, 0.5, 0.5, 0.5, 0.5, 0.5, 0.5, 0.5, 0.5, 0.5, 0.5, 0.5, 0.5, 0.5, 0.5687, 1.1, 1.1, 1.1, 1.1, 1.1, 1.1, 1.1, 1.1, 1.1, 1.1, 1.1, 1.1, 1.1, 1.1, 1.1, 1.1, 1.1, 1.1, 1.1, 1.1, 1.1, 1.1, 1.1, 1.1, 1.1, 1.1, 1.1, 1.1, 1.1, 1.1, 1.1, 1.1, 1.1, 1.1, 1.1, 1.1, 1.1, 1.1, 1.1, 1.1, 1.1, 1.1, 1.1, 1.1, 1.1, 1.1, 1.1, 1.1, 1.1, 1.1, 1.1, 1.1, 1.1, 1.1]",0.63
terrain_transition_ol_benchmark,clay_to_dirt,clay_to_dirt,clay,dirt,45.0,2.0,transition_ol,clay_to_dirt,clay,sinusoidal,5.0,0,724,ok,/home/ksha/Documents/sbel/chrono_hil/chrono-HIL/project/SCM_Final/benchmarking/results/terrain_transition_ol_benchmark_20260606_021737/raw/0004_clay_to_dirt_sinusoidal_v5_b0_s724,/home/ksha/Documents/sbel/chrono_hil/chrono-HIL/project/SCM_Final/benchmarking/results/terrain_transition_ol_benchmark_20260606_021737/raw/0004_clay_to_dirt_sinusoidal_v5_b0_s724/open_loop_diag.csv,,7.179285541729136,open_loop_command,,0.5021751046025105,0.6540888450413223,0.5,0.7,0.0021751046025104,0.0459111549586777,0.1103839978523724,22.36796,2.603999999999999,1,"[1.54, 1.619, 1.647, 1.672, 1.729, 1.846, 2.092, 2.509, 3.041, 3.728, 4.406, 5.208, 6.153, 7.104, 8.149, 9.386, 10.503, 11.596, 12.829, 14.073, 15.327, 16.675, 18.224, 19.88, 21.633, 23.46, 25.245, 27.258, 29.23, 31.25, 33.383, 35.448, 37.712, 40.072, 42.377, 44.763, 46.927, 49.402, 51.614, 53.95, 56.127, 58.379, 60.751, 63.034, 65.446, 67.798, 70.136, 72.511, 74.998, 77.266, 79.656, 81.854, 84.152, 86.456, 88.802, 91.221, 93.463, 95.911, 98.206, 100.7, 103.001, 105.301, 107.495, 109.802, 112.103, 114.488, 116.769, 119.187, 121.502, 124.062, 126.327, 128.692, 130.941, 133.181, 135.356, 137.611, 139.943, 142.273, 144.71, 147.043, 149.487, 151.763, 154.23, 156.496, 158.828, 160.98, 163.212, 165.445, 167.889, 170.22]","[0.7, 0.7, 0.7, 0.7, 0.7, 0.7, 0.7, 0.7, 0.7, 0.7, 0.7, 0.7, 0.7, 0.7, 0.7, 0.7, 0.6697, 0.6211, 0.6034, 0.5789, 0.5762, 0.5464, 0.5226, 0.5136, 0.5112, 0.5093, 0.5043, 0.5, 0.5013, 0.5, 0.5, 0.5, 0.5, 0.5, 0.5, 0.5, 0.5, 0.5, 0.5, 0.523, 0.5416, 0.5373, 0.5434, 0.5505, 0.6063, 0.6357, 0.6438, 0.6569, 0.6713, 0.6788, 0.6815, 0.6565, 0.6251, 0.6393, 0.6549, 0.6689, 0.6603, 0.6287, 0.6244, 0.6417, 0.6611, 0.6655, 0.6341, 0.6092, 0.6112, 0.6319, 0.6496, 0.6476, 0.6097, 0.5993, 0.6109, 0.6337, 0.6582, 0.6396, 0.6198, 0.6318, 0.6602, 0.6749, 0.6833, 0.6845, 0.6871, 0.6945, 0.7008, 0.704, 0.6869, 0.6594, 0.6637, 0.6723, 0.6824, 0.6775]","[0.5, 0.5, 0.5, 0.5, 0.5, 0.5, 0.5, 0.5, 0.5, 0.5, 0.5, 0.5, 0.5, 0.5, 0.5, 0.5, 0.5, 0.5, 0.5, 0.5, 0.5, 0.5, 0.5, 0.5, 0.5, 0.5, 0.5, 0.5, 0.5, 0.5, 0.5, 0.5, 0.5, 0.5, 0.5, 0.5763, 0.7, 0.7, 0.7, 0.7, 0.7, 0.7, 0.7, 0.7, 0.7, 0.7, 0.7, 0.7, 0.7, 0.7, 0.7, 0.7, 0.7, 0.7, 0.7, 0.7, 0.7, 0.7, 0.7, 0.7, 0.7, 0.7, 0.7, 0.7, 0.7, 0.7, 0.7, 0.7, 0.7, 0.7, 0.7, 0.7, 0.7, 0.7, 0.7, 0.7, 0.7, 0.7, 0.7, 0.7, 0.7, 0.7, 0.7, 0.7, 0.7, 0.7, 0.7, 0.7, 0.7, 0.7]",0.63
terrain_transition_ol_benchmark,clay_to_dirt,clay_to_dirt,clay,dirt,45.0,2.0,transition_ol,clay_to_dirt,clay,sinusoidal,5.0,0,722,ok,/home/ksha/Documents/sbel/chrono_hil/chrono-HIL/project/SCM_Final/benchmarking/results/terrain_transition_ol_benchmark_20260606_021737/raw/0002_clay_to_dirt_sinusoidal_v5_b0_s722,/home/ksha/Documents/sbel/chrono_hil/chrono-HIL/project/SCM_Final/benchmarking/results/terrain_transition_ol_benchmark_20260606_021737/raw/0002_clay_to_dirt_sinusoidal_v5_b0_s722/open_loop_diag.csv,,7.180976263368315,open_loop_command,,0.5178295815899581,0.6893622561983471,0.5,0.7,0.017829581589958,0.0106377438016528,0.0951209814964268,15.92396,1.8600000000000008,1,"[1.53, 1.614, 1.649, 1.676, 1.728, 1.838, 2.09, 2.418, 2.951, 3.616, 4.283, 5.102, 6.041, 6.965, 8.165, 9.228, 10.306, 11.52, 12.743, 13.927, 15.091, 16.637, 18.047, 19.777, 21.429, 23.267, 25.186, 27.089, 29.038, 31.159, 33.186, 35.277, 37.547, 39.886, 42.118, 44.597, 46.82, 49.187, 51.587, 53.81, 56.104, 58.383, 60.721, 63.003, 65.339, 67.686, 70.112, 72.453, 74.887, 77.282, 79.613, 81.851, 84.152, 86.435, 88.684, 91.101, 93.512, 95.886, 98.142, 100.706, 102.92, 105.297, 107.494, 109.766, 112.043, 114.461, 116.732, 119.222, 121.532, 124.016, 126.376, 128.754, 131.064, 133.144, 135.495, 137.728, 140.053, 142.312, 144.742, 147.052, 149.563, 151.854, 154.255, 156.57, 158.964, 161.164, 163.455, 165.63, 167.99, 170.285]","[0.7, 0.7, 0.7, 0.7, 0.7, 0.7, 0.7, 0.7, 0.7, 0.7, 0.7, 0.7, 0.7, 0.7, 0.7, 0.7, 0.6816, 0.637, 0.5865, 0.5455, 0.5468, 0.522, 0.5, 0.5, 0.5, 0.5, 0.5, 0.5017, 0.5189, 0.523, 0.5161, 0.5094, 0.5052, 0.5359, 0.5873, 0.5912, 0.5727, 0.5501, 0.536, 0.5654, 0.6265, 0.6237, 0.6305, 0.6493, 0.6746, 0.6894, 0.6956, 0.697, 0.701, 0.7032, 0.7023, 0.6989, 0.6694, 0.6716, 0.6791, 0.6856, 0.6897, 0.6833, 0.6715, 0.6778, 0.6879, 0.6917, 0.6942, 0.6923, 0.691, 0.6935, 0.6959, 0.6966, 0.6921, 0.6842, 0.6872, 0.6912, 0.6937, 0.6935, 0.6875, 0.6821, 0.6875, 0.6911, 0.6932, 0.6926, 0.6789, 0.685, 0.6916, 0.6954, 0.6958, 0.688, 0.6809, 0.6856, 0.6943, 0.6982]","[0.5, 0.5, 0.5, 0.5, 0.5, 0.5, 0.5, 0.5, 0.5, 0.5, 0.5, 0.5, 0.5, 0.5, 0.5, 0.5, 0.5, 0.5, 0.5, 0.5, 0.5, 0.5, 0.5, 0.5, 0.5, 0.5, 0.5, 0.5, 0.5, 0.5, 0.5, 0.5, 0.5, 0.5, 0.5, 0.5597, 0.7, 0.7, 0.7, 0.7, 0.7, 0.7, 0.7, 0.7, 0.7, 0.7, 0.7, 0.7, 0.7, 0.7, 0.7, 0.7, 0.7, 0.7, 0.7, 0.7, 0.7, 0.7, 0.7, 0.7, 0.7, 0.7, 0.7, 0.7, 0.7, 0.7, 0.7, 0.7, 0.7, 0.7, 0.7, 0.7, 0.7, 0.7, 0.7, 0.7, 0.7, 0.7, 0.7, 0.7, 0.7, 0.7, 0.7, 0.7, 0.7, 0.7, 0.7, 0.7, 0.7, 0.7]",0.63
terrain_transition_ol_benchmark,clay_to_dirt,clay_to_dirt,clay,dirt,45.0,2.0,transition_ol,clay_to_dirt,clay,sinusoidal,5.0,0,721,ok,/home/ksha/Documents/sbel/chrono_hil/chrono-HIL/project/SCM_Final/benchmarking/results/terrain_transition_ol_benchmark_20260606_021737/raw/0001_clay_to_dirt_sinusoidal_v5_b0_s721,/home/ksha/Documents/sbel/chrono_hil/chrono-HIL/project/SCM_Final/benchmarking/results/terrain_transition_ol_benchmark_20260606_021737/raw/0001_clay_to_dirt_sinusoidal_v5_b0_s721/open_loop_diag.csv,,7.173288703148427,open_loop_command,,0.529840271966527,0.6810595875647668,0.5,0.7,0.029840271966527,0.0189404124352331,0.095959001860435,11.73892,1.356,1,"[1.522, 1.606, 1.651, 1.672, 1.707, 1.82, 2.026, 2.386, 2.858, 3.438, 4.155, 4.942, 5.861, 6.758, 7.847, 8.986, 10.134, 11.275, 12.409, 13.682, 14.932, 16.356, 17.846, 19.541, 21.237, 22.982, 24.915, 26.966, 28.819, 30.958, 33.005, 35.283, 37.41, 39.625, 41.91, 44.258, 46.557, 48.837, 51.287, 53.461, 55.858, 58.097, 60.292, 62.681, 65.124, 67.427, 69.775, 72.14, 74.568, 76.912, 79.247, 81.488, 83.878, 86.074, 88.321, 90.787, 93.049, 95.478, 97.87, 100.294, 102.569, 104.951, 107.173, 109.542, 111.689, 114.021, 116.384, 118.889, 121.129, 123.565, 125.903, 128.345, 130.586, 132.875, 135.116, 137.36, 139.648, 141.928, 144.361, 146.653, 149.187, 151.553, 153.904, 156.222, 158.568, 160.645, 162.955, 165.187, 167.583, 169.961]","[0.7, 0.7, 0.7, 0.7, 0.7, 0.7, 0.7, 0.7, 0.7, 0.7, 0.7, 0.7, 0.7, 0.7, 0.7, 0.7, 0.6965, 0.6711, 0.6033, 0.5317, 0.5223, 0.5018, 0.5, 0.5, 0.5, 0.5029, 0.5083, 0.5226, 0.5357, 0.5441, 0.5358, 0.5197, 0.5166, 0.5412, 0.5851, 0.6159, 0.5969, 0.5716, 0.5553, 0.5659, 0.631, 0.6461, 0.6556, 0.6657, 0.6798, 0.689, 0.694, 0.6924, 0.6867, 0.6889, 0.6909, 0.6933, 0.6885, 0.6852, 0.6892, 0.6945, 0.6981, 0.6981, 0.6929, 0.691, 0.6993, 0.7025, 0.7027, 0.6997, 0.6893, 0.6898, 0.6903, 0.6927, 0.6911, 0.675, 0.671, 0.6756, 0.6831, 0.6854, 0.6769, 0.6516, 0.6551, 0.6644, 0.6723, 0.6755, 0.6483, 0.6483, 0.661, 0.6706, 0.6794, 0.6734, 0.6543, 0.6587, 0.6735, 0.6804]","[0.5, 0.5, 0.5, 0.5, 0.5, 0.5, 0.5, 0.5, 0.5, 0.5, 0.5, 0.5, 0.5, 0.5, 0.5, 0.5, 0.5, 0.5, 0.5, 0.5, 0.5, 0.5, 0.5, 0.5, 0.5, 0.5, 0.5, 0.5, 0.5, 0.5, 0.5, 0.5, 0.5, 0.5, 0.5, 0.5258, 0.7, 0.7, 0.7, 0.7, 0.7, 0.7, 0.7, 0.7, 0.7, 0.7, 0.7, 0.7, 0.7, 0.7, 0.7, 0.7, 0.7, 0.7, 0.7, 0.7, 0.7, 0.7, 0.7, 0.7, 0.7, 0.7, 0.7, 0.7, 0.7, 0.7, 0.7, 0.7, 0.7, 0.7, 0.7, 0.7, 0.7, 0.7, 0.7, 0.7, 0.7, 0.7, 0.7, 0.7, 0.7, 0.7, 0.7, 0.7, 0.7, 0.7, 0.7, 0.7, 0.7, 0.7]",0.63
terrain_transition_ol_benchmark,clay_to_sand,clay_to_sand,clay,sand,45.0,2.0,transition_ol,clay_to_sand,clay,sinusoidal,5.0,0,720,ok,/home/ksha/Documents/sbel/chrono_hil/chrono-HIL/project/SCM_Final/benchmarking/results/terrain_transition_ol_benchmark_20260606_021737/raw/0005_clay_to_sand_sinusoidal_v5_b0_s720,/home/ksha/Documents/sbel/chrono_hil/chrono-HIL/project/SCM_Final/benchmarking/results/terrain_transition_ol_benchmark_20260606_021737/raw/0005_clay_to_sand_sinusoidal_v5_b0_s720/open_loop_diag.csv,,6.734360733633182,open_loop_command,,0.5326477815126051,0.6688540818467996,0.5,1.1,0.032647781512605,0.4311459181532004,0.3613627153428685,,,1,"[1.528, 1.63, 1.657, 1.68, 1.721, 1.838, 2.079, 2.422, 2.951, 3.506, 4.254, 5.079, 5.95, 7.021, 8.071, 9.181, 10.334, 11.489, 12.658, 13.879, 15.142, 16.623, 18.163, 19.762, 21.43, 23.28, 25.205, 27.219, 29.174, 31.3, 33.259, 35.503, 37.722, 39.909, 42.269, 44.548, 46.83, 49.275, 51.556, 53.751, 55.921, 57.931, 60.155, 62.185, 64.343, 66.448, 68.659, 70.863, 73.078, 75.2, 77.422, 79.375, 81.468, 83.521, 85.51, 87.656, 89.757, 92.006, 94.142, 96.253, 98.343, 100.517, 102.557, 104.552, 106.501, 108.517, 110.621, 112.832, 114.91, 117.043, 119.178, 121.351, 123.425, 125.404, 127.439, 129.202, 131.289, 133.329, 135.449, 137.499, 139.72, 141.766, 144.006, 146.06, 148.111, 149.974, 151.907, 153.801, 155.852, 157.937]","[0.7, 0.7, 0.7, 0.7, 0.7, 0.7, 0.7, 0.7, 0.7, 0.7, 0.7, 0.7, 0.7, 0.7, 0.7, 0.7, 0.6601, 0.6155, 0.5985, 0.5622, 0.5814, 0.5441, 0.5237, 0.5216, 0.5171, 0.5144, 0.5134, 0.5169, 0.5286, 0.558, 0.5484, 0.5265, 0.5206, 0.5384, 0.582, 0.6192, 0.6023, 0.5708, 0.5537, 0.5482, 0.6061, 0.6076, 0.5887, 0.5827, 0.6105, 0.6225, 0.6177, 0.5811, 0.5614, 0.5604, 0.5651, 0.5681, 0.5538, 0.5429, 0.555, 0.6132, 0.6614, 0.6704, 0.6598, 0.6423, 0.6847, 0.7048, 0.7039, 0.6954, 0.6611, 0.6707, 0.7102, 0.729, 0.7292, 0.7129, 0.6914, 0.711, 0.7498, 0.7504, 0.7355, 0.7036, 0.6934, 0.7297, 0.7419, 0.7322, 0.6968, 0.6711, 0.6905, 0.7133, 0.6946, 0.6761, 0.6486, 0.6325, 0.664, 0.6803]","[0.5, 0.5, 0.5, 0.5, 0.5, 0.5, 0.5, 0.5, 0.5, 0.5, 0.5, 0.5, 0.5, 0.5, 0.5, 0.5, 0.5, 0.5, 0.5, 0.5, 0.5, 0.5, 0.5, 0.5, 0.5, 0.5, 0.5, 0.5, 0.5, 0.5, 0.5, 0.5, 0.5, 0.5, 0.5, 0.6644, 1.1, 1.1, 1.1, 1.1, 1.1, 1.1, 1.1, 1.1, 1.1, 1.1, 1.1, 1.1, 1.1, 1.1, 1.1, 1.1, 1.1, 1.1, 1.1, 1.1, 1.1, 1.1, 1.1, 1.1, 1.1, 1.1, 1.1, 1.1, 1.1, 1.1, 1.1, 1.1, 1.1, 1.1, 1.1, 1.1, 1.1, 1.1, 1.1, 1.1, 1.1, 1.1, 1.1, 1.1, 1.1, 1.1, 1.1, 1.1, 1.1, 1.1, 1.1, 1.1, 1.1, 1.1]",0.63
terrain_transition_ol_benchmark,clay_to_dirt,clay_to_dirt,clay,dirt,45.0,2.0,transition_ol,clay_to_dirt,clay,sinusoidal,5.0,0,723,ok,/home/ksha/Documents/sbel/chrono_hil/chrono-HIL/project/SCM_Final/benchmarking/results/terrain_transition_ol_benchmark_20260606_021737/raw/0003_clay_to_dirt_sinusoidal_v5_b0_s723,/home/ksha/Documents/sbel/chrono_hil/chrono-HIL/project/SCM_Final/benchmarking/results/terrain_transition_ol_benchmark_20260606_021737/raw/0003_clay_to_dirt_sinusoidal_v5_b0_s723/open_loop_diag.csv,,7.193305068965517,open_loop_command,,0.5079764875,0.6904004222451082,0.5,0.7,0.0079764875,0.0095995777548917,0.1006403123474028,19.44368,2.256,1,"[1.538, 1.608, 1.654, 1.685, 1.736, 1.862, 2.167, 2.54, 3.115, 3.742, 4.502, 5.274, 6.244, 7.218, 8.289, 9.511, 10.604, 11.722, 12.908, 14.104, 15.424, 16.917, 18.354, 20.059, 21.764, 23.543, 25.475, 27.497, 29.465, 31.427, 33.537, 35.721, 37.96, 40.273, 42.473, 44.859, 47.242, 49.576, 51.959, 54.148, 56.38, 58.692, 61.0, 63.348, 65.739, 68.005, 70.48, 72.74, 75.331, 77.48, 80.006, 82.073, 84.509, 86.74, 89.09, 91.431, 93.779, 96.294, 98.547, 100.962, 103.327, 105.689, 107.867, 110.204, 112.374, 114.882, 117.086, 119.504, 121.881, 124.374, 126.697, 129.14, 131.407, 133.57, 135.787, 138.08, 140.357, 142.785, 145.147, 147.437, 149.978, 152.242, 154.634, 156.946, 159.33, 161.447, 163.775, 165.969, 168.458, 170.65]","[0.7, 0.7, 0.7, 0.7, 0.7, 0.7, 0.7, 0.7, 0.7, 0.7, 0.7, 0.7, 0.7, 0.7, 0.7, 0.7, 0.663, 0.6226, 0.6061, 0.5934, 0.5666, 0.532, 0.5091, 0.5, 0.5, 0.5, 0.5001, 0.5084, 0.5158, 0.5133, 0.5053, 0.5, 0.5, 0.5141, 0.5423, 0.5312, 0.522, 0.5136, 0.5068, 0.5244, 0.5738, 0.5727, 0.586, 0.617, 0.6421, 0.6608, 0.6704, 0.6777, 0.6864, 0.6927, 0.6967, 0.6928, 0.6704, 0.6796, 0.69, 0.6991, 0.7027, 0.6981, 0.6965, 0.7022, 0.7114, 0.7124, 0.7073, 0.6997, 0.6992, 0.7031, 0.707, 0.7079, 0.6989, 0.6956, 0.6977, 0.6989, 0.6976, 0.6898, 0.665, 0.6623, 0.6798, 0.6887, 0.6929, 0.6866, 0.669, 0.6779, 0.6849, 0.6897, 0.6874, 0.6694, 0.6704, 0.6808, 0.6928, 0.696]","[0.5, 0.5, 0.5, 0.5, 0.5, 0.5, 0.5, 0.5, 0.5, 0.5, 0.5, 0.5, 0.5, 0.5, 0.5, 0.5, 0.5, 0.5, 0.5, 0.5, 0.5, 0.5, 0.5, 0.5, 0.5, 0.5, 0.5, 0.5, 0.5, 0.5, 0.5, 0.5, 0.5, 0.5, 0.5, 0.5859, 0.7, 0.7, 0.7, 0.7, 0.7, 0.7, 0.7, 0.7, 0.7, 0.7, 0.7, 0.7, 0.7, 0.7, 0.7, 0.7, 0.7, 0.7, 0.7, 0.7, 0.7, 0.7, 0.7, 0.7, 0.7, 0.7, 0.7, 0.7, 0.7, 0.7, 0.7, 0.7, 0.7, 0.7, 0.7, 0.7, 0.7, 0.7, 0.7, 0.7, 0.7, 0.7, 0.7, 0.7, 0.7, 0.7, 0.7, 0.7, 0.7, 0.7, 0.7, 0.7, 0.7, 0.7]",0.63
terrain_transition_ol_benchmark,clay_to_sand,clay_to_sand,clay,sand,45.0,2.0,transition_ol,clay_to_sand,clay,sinusoidal,5.0,0,723,ok,/home/ksha/Documents/sbel/chrono_hil/chrono-HIL/project/SCM_Final/benchmarking/results/terrain_transition_ol_benchmark_20260606_021737/raw/0008_clay_to_sand_sinusoidal_v5_b0_s723,/home/ksha/Documents/sbel/chrono_hil/chrono-HIL/project/SCM_Final/benchmarking/results/terrain_transition_ol_benchmark_20260606_021737/raw/0008_clay_to_sand_sinusoidal_v5_b0_s723/open_loop_diag.csv,,6.735411569715143,open_loop_command,,0.509171575,0.6343534566353187,0.5,1.1,0.0091715749999999,0.4656465433646813,0.3868813471599024,,,1,"[1.485, 1.619, 1.655, 1.683, 1.739, 1.868, 2.177, 2.58, 3.112, 3.742, 4.508, 5.224, 6.172, 7.22, 8.329, 9.376, 10.621, 11.795, 12.952, 14.177, 15.406, 16.875, 18.425, 20.054, 21.736, 23.571, 25.472, 27.486, 29.364, 31.495, 33.53, 35.713, 37.859, 40.244, 42.429, 44.922, 47.182, 49.557, 51.789, 53.82, 56.063, 58.164, 60.374, 62.552, 64.663, 66.893, 69.068, 71.196, 73.516, 75.622, 77.75, 79.682, 81.823, 83.865, 85.919, 88.105, 90.265, 92.517, 94.624, 96.732, 98.896, 100.95, 102.965, 104.931, 106.962, 109.079, 111.077, 113.34, 115.503, 117.66, 119.708, 121.907, 123.891, 125.92, 127.807, 129.685, 131.846, 133.995, 136.087, 138.186, 140.384, 142.442, 144.564, 146.46, 148.614, 150.435, 152.37, 154.427, 156.563, 158.543]","[0.7, 0.7, 0.7, 0.7, 0.7, 0.7, 0.7, 0.7, 0.7, 0.7, 0.7, 0.7, 0.7, 0.7, 0.7, 0.7, 0.6554, 0.6124, 0.6001, 0.6028, 0.5571, 0.5255, 0.5048, 0.5, 0.5, 0.5, 0.502, 0.5095, 0.5144, 0.5116, 0.504, 0.5, 0.5, 0.5204, 0.5521, 0.5374, 0.5248, 0.5124, 0.5027, 0.5197, 0.5494, 0.5387, 0.5465, 0.562, 0.5964, 0.6276, 0.6194, 0.6108, 0.6137, 0.6159, 0.6131, 0.5896, 0.5638, 0.5798, 0.6213, 0.6563, 0.6563, 0.632, 0.6189, 0.6284, 0.6421, 0.6368, 0.6188, 0.5881, 0.5831, 0.5982, 0.6204, 0.6283, 0.6099, 0.6008, 0.6051, 0.6204, 0.6327, 0.6254, 0.5999, 0.5952, 0.6322, 0.6712, 0.6882, 0.678, 0.6609, 0.6711, 0.6987, 0.709, 0.6925, 0.6662, 0.6566, 0.665, 0.71, 0.7191]","[0.5, 0.5, 0.5, 0.5, 0.5, 0.5, 0.5, 0.5, 0.5, 0.5, 0.5, 0.5, 0.5, 0.5, 0.5, 0.5, 0.5, 0.5, 0.5, 0.5, 0.5, 0.5, 0.5, 0.5, 0.5, 0.5, 0.5, 0.5, 0.5, 0.5, 0.5, 0.5, 0.5, 0.5, 0.5, 0.7767, 1.1, 1.1, 1.1, 1.1, 1.1, 1.1, 1.1, 1.1, 1.1, 1.1, 1.1, 1.1, 1.1, 1.1, 1.1, 1.1, 1.1, 1.1, 1.1, 1.1, 1.1, 1.1, 1.1, 1.1, 1.1, 1.1, 1.1, 1.1, 1.1, 1.1, 1.1, 1.1, 1.1, 1.1, 1.1, 1.1, 1.1, 1.1, 1.1, 1.1, 1.1, 1.1, 1.1, 1.1, 1.1, 1.1, 1.1, 1.1, 1.1, 1.1, 1.1, 1.1, 1.1, 1.1]",0.63
terrain_transition_ol_benchmark,clay_to_sand,clay_to_sand,clay,sand,45.0,2.0,transition_ol,clay_to_sand,clay,sinusoidal,5.0,0,722,ok,/home/ksha/Documents/sbel/chrono_hil/chrono-HIL/project/SCM_Final/benchmarking/results/terrain_transition_ol_benchmark_20260606_021737/raw/0007_clay_to_sand_sinusoidal_v5_b0_s722,/home/ksha/Documents/sbel/chrono_hil/chrono-HIL/project/SCM_Final/benchmarking/results/terrain_transition_ol_benchmark_20260606_021737/raw/0007_clay_to_sand_sinusoidal_v5_b0_s722/open_loop_diag.csv,,6.72960239930035,open_loop_command,,0.5139397573221758,0.6680811720881427,0.5,1.1,0.0139397573221757,0.4319188279118574,0.3628477353840614,,,1,"[1.543, 1.628, 1.655, 1.684, 1.719, 1.803, 2.1, 2.446, 2.962, 3.566, 4.275, 5.037, 5.992, 7.027, 8.09, 9.181, 10.418, 11.602, 12.72, 13.919, 15.143, 16.66, 18.129, 19.736, 21.425, 23.328, 25.078, 27.114, 29.129, 31.044, 33.154, 35.497, 37.607, 39.945, 42.136, 44.62, 46.785, 49.192, 51.494, 53.62, 55.786, 57.89, 60.012, 62.113, 64.332, 66.501, 68.784, 70.834, 73.156, 75.236, 77.486, 79.408, 81.504, 83.549, 85.635, 87.868, 90.032, 92.209, 94.338, 96.565, 98.635, 100.671, 102.717, 104.797, 106.785, 108.902, 110.974, 113.191, 115.254, 117.536, 119.583, 121.795, 123.788, 125.807, 127.665, 129.652, 131.703, 133.809, 135.915, 138.091, 140.215, 142.338, 144.495, 146.573, 148.599, 150.572, 152.435, 154.375, 156.558, 158.58]","[0.7, 0.7, 0.7, 0.7, 0.7, 0.7, 0.7, 0.7, 0.7, 0.7, 0.7, 0.7, 0.7, 0.7, 0.7, 0.7, 0.6798, 0.6347, 0.5858, 0.5514, 0.5443, 0.5198, 0.5, 0.5, 0.5, 0.5, 0.5, 0.5095, 0.5188, 0.5205, 0.5121, 0.5018, 0.5003, 0.5249, 0.5712, 0.5655, 0.544, 0.5273, 0.5177, 0.5294, 0.5811, 0.5738, 0.5808, 0.5992, 0.6338, 0.6543, 0.6356, 0.6064, 0.5939, 0.5922, 0.5985, 0.5957, 0.5763, 0.593, 0.6314, 0.6613, 0.6709, 0.6583, 0.6459, 0.6522, 0.6801, 0.6895, 0.6823, 0.6619, 0.644, 0.6646, 0.6945, 0.705, 0.696, 0.6819, 0.6953, 0.7304, 0.7483, 0.7243, 0.692, 0.67, 0.6945, 0.7245, 0.7267, 0.707, 0.6729, 0.6777, 0.6996, 0.6966, 0.675, 0.6549, 0.6411, 0.6508, 0.6878, 0.6854]","[0.5, 0.5, 0.5, 0.5, 0.5, 0.5, 0.5, 0.5, 0.5, 0.5, 0.5, 0.5, 0.5, 0.5, 0.5, 0.5, 0.5, 0.5, 0.5, 0.5, 0.5, 0.5, 0.5, 0.5, 0.5, 0.5, 0.5, 0.5, 0.5, 0.5, 0.5, 0.5, 0.5, 0.5, 0.5, 0.686, 1.1, 1.1, 1.1, 1.1, 1.1, 1.1, 1.1, 1.1, 1.1, 1.1, 1.1, 1.1, 1.1, 1.1, 1.1, 1.1, 1.1, 1.1, 1.1, 1.1, 1.1, 1.1, 1.1, 1.1, 1.1, 1.1, 1.1, 1.1, 1.1, 1.1, 1.1, 1.1, 1.1, 1.1, 1.1, 1.1, 1.1, 1.1, 1.1, 1.1, 1.1, 1.1, 1.1, 1.1, 1.1, 1.1, 1.1, 1.1, 1.1, 1.1, 1.1, 1.1, 1.1, 1.1]",0.63
terrain_transition_ol_benchmark,clay_to_sand,clay_to_sand,clay,sand,45.0,2.0,transition_ol,clay_to_sand,clay,sinusoidal,5.0,0,724,ok,/home/ksha/Documents/sbel/chrono_hil/chrono-HIL/project/SCM_Final/benchmarking/results/terrain_transition_ol_benchmark_20260606_021737/raw/0009_clay_to_sand_sinusoidal_v5_b0_s724,/home/ksha/Documents/sbel/chrono_hil/chrono-HIL/project/SCM_Final/benchmarking/results/terrain_transition_ol_benchmark_20260606_021737/raw/0009_clay_to_sand_sinusoidal_v5_b0_s724/open_loop_diag.csv,,6.717703546726637,open_loop_command,,0.5013675840336134,0.6059609078534032,0.5,1.1,0.0013675840336133,0.4940390921465969,0.4058893913750662,,,1,"[1.503, 1.611, 1.641, 1.666, 1.725, 1.847, 2.108, 2.521, 3.06, 3.636, 4.394, 5.269, 6.175, 7.067, 8.21, 9.341, 10.544, 11.642, 12.825, 14.082, 15.251, 16.765, 18.27, 19.901, 21.534, 23.458, 25.313, 27.28, 29.229, 31.33, 33.378, 35.469, 37.834, 40.046, 42.367, 44.754, 46.987, 49.326, 51.5, 53.704, 55.875, 57.852, 60.109, 62.201, 64.496, 66.693, 68.896, 71.006, 73.196, 75.371, 77.428, 79.478, 81.555, 83.578, 85.614, 87.889, 89.964, 92.148, 94.241, 96.418, 98.577, 100.593, 102.514, 104.664, 106.542, 108.729, 110.82, 113.021, 115.129, 117.283, 119.287, 121.469, 123.492, 125.368, 127.329, 129.343, 131.439, 133.43, 135.616, 137.672, 139.899, 141.98, 144.129, 146.013, 148.016, 149.907, 151.861, 153.906, 156.079, 158.079]","[0.7, 0.7, 0.7, 0.7, 0.7, 0.7, 0.7, 0.7, 0.7, 0.7, 0.7, 0.7, 0.7, 0.7, 0.7, 0.7, 0.6683, 0.6192, 0.6012, 0.5811, 0.5808, 0.5511, 0.525, 0.5119, 0.5072, 0.5051, 0.5023, 0.5, 0.5018, 0.5, 0.5, 0.5, 0.5, 0.5, 0.5, 0.5002, 0.5, 0.5, 0.5, 0.5166, 0.5467, 0.5424, 0.5481, 0.5571, 0.5864, 0.585, 0.5668, 0.5553, 0.5434, 0.5392, 0.5357, 0.5325, 0.5305, 0.5403, 0.5402, 0.557, 0.5634, 0.5492, 0.5536, 0.5682, 0.5958, 0.606, 0.5991, 0.5781, 0.5778, 0.5951, 0.6326, 0.6487, 0.6374, 0.6348, 0.6318, 0.6417, 0.6656, 0.6507, 0.6247, 0.6169, 0.6348, 0.6656, 0.6719, 0.6565, 0.638, 0.6349, 0.6443, 0.657, 0.6423, 0.6204, 0.6193, 0.6276, 0.6577, 0.661]","[0.5, 0.5, 0.5, 0.5, 0.5, 0.5, 0.5, 0.5, 0.5, 0.5, 0.5, 0.5, 0.5, 0.5, 0.5, 0.5, 0.5, 0.5, 0.5, 0.5, 0.5, 0.5, 0.5, 0.5, 0.5, 0.5, 0.5, 0.5, 0.5, 0.5, 0.5, 0.5, 0.5, 0.5, 0.5, 0.7263, 1.1, 1.1, 1.1, 1.1, 1.1, 1.1, 1.1, 1.1, 1.1, 1.1, 1.1, 1.1, 1.1, 1.1, 1.1, 1.1, 1.1, 1.1, 1.1, 1.1, 1.1, 1.1, 1.1, 1.1, 1.1, 1.1, 1.1, 1.1, 1.1, 1.1, 1.1, 1.1, 1.1, 1.1, 1.1, 1.1, 1.1, 1.1, 1.1, 1.1, 1.1, 1.1, 1.1, 1.1, 1.1, 1.1, 1.1, 1.1, 1.1, 1.1, 1.1, 1.1, 1.1, 1.1]",0.63
terrain_transition_ol_benchmark,dirt_to_clay,dirt_to_clay,dirt,clay,45.0,2.0,transition_ol,dirt_to_clay,dirt,sinusoidal,5.0,0,720,ok,/home/ksha/Documents/sbel/chrono_hil/chrono-HIL/project/SCM_Final/benchmarking/results/terrain_transition_ol_benchmark_20260606_021737/raw/0010_dirt_to_clay_sinusoidal_v5_b0_s720,/home/ksha/Documents/sbel/chrono_hil/chrono-HIL/project/SCM_Final/benchmarking/results/terrain_transition_ol_benchmark_20260606_021737/raw/0010_dirt_to_clay_sinusoidal_v5_b0_s720/open_loop_diag.csv,,7.556527800099951,open_loop_command,,0.5464446909871244,0.5564119789272031,0.7,0.5,0.1535553090128755,0.056411978927203,0.0930833080137712,,,1,"[1.523, 1.628, 1.666, 1.698, 1.746, 2.078, 2.667, 3.435, 4.323, 5.362, 6.541, 7.621, 8.839, 10.09, 11.349, 12.504, 13.732, 15.04, 16.487, 18.027, 19.688, 21.592, 23.394, 25.459, 27.544, 29.692, 31.81, 34.005, 36.169, 38.532, 40.644, 42.907, 45.168, 47.604, 49.922, 52.286, 54.555, 56.982, 59.458, 61.751, 64.089, 66.334, 68.694, 70.917, 73.37, 75.688, 78.13, 80.471, 82.946, 85.334, 87.68, 89.978, 92.364, 94.538, 96.782, 99.28, 101.605, 103.905, 106.289, 108.751, 111.071, 113.469, 115.756, 118.144, 120.368, 122.718, 124.959, 127.433, 129.745, 132.141, 134.515, 137.052, 139.275, 141.597, 143.877, 146.107, 148.536, 150.722, 153.046, 155.478, 157.882, 160.211, 162.659, 165.018, 167.323, 169.526, 171.85, 174.109, 176.416, 178.784]","[0.7, 0.7, 0.7, 0.7, 0.7, 0.7, 0.7, 0.7, 0.7, 0.7, 0.7, 0.7, 0.7, 0.7, 0.7, 0.7, 0.6193, 0.5794, 0.5848, 0.6171, 0.622, 0.6178, 0.5928, 0.5986, 0.5649, 0.5363, 0.5158, 0.5062, 0.519, 0.5232, 0.5216, 0.5237, 0.5524, 0.5958, 0.6306, 0.6628, 0.6704, 0.6746, 0.6785, 0.682, 0.6831, 0.6778, 0.6713, 0.6607, 0.6368, 0.6126, 0.5936, 0.5781, 0.5603, 0.5548, 0.5534, 0.5522, 0.5491, 0.5426, 0.5398, 0.5438, 0.5493, 0.551, 0.5487, 0.5419, 0.5414, 0.5463, 0.5474, 0.546, 0.5377, 0.5353, 0.5404, 0.546, 0.5497, 0.5469, 0.5413, 0.543, 0.5516, 0.5551, 0.5557, 0.5516, 0.5456, 0.5501, 0.5564, 0.5595, 0.5582, 0.5524, 0.551, 0.5562, 0.5619, 0.5606, 0.5542, 0.5469, 0.5501, 0.5551]","[0.7, 0.7, 0.7, 0.7, 0.7, 0.7, 0.7, 0.7, 0.7, 0.7, 0.7, 0.7, 0.7, 0.7, 0.7, 0.7, 0.7, 0.7, 0.7, 0.7, 0.7, 0.7, 0.7, 0.7, 0.7, 0.7, 0.7, 0.7, 0.7, 0.7, 0.7, 0.7, 0.5832, 0.5, 0.5, 0.5, 0.5, 0.5, 0.5, 0.5, 0.5, 0.5, 0.5, 0.5, 0.5, 0.5, 0.5, 0.5, 0.5, 0.5, 0.5, 0.5, 0.5, 0.5, 0.5, 0.5, 0.5, 0.5, 0.5, 0.5, 0.5, 0.5, 0.5, 0.5, 0.5, 0.5, 0.5, 0.5, 0.5, 0.5, 0.5, 0.5, 0.5, 0.5, 0.5, 0.5, 0.5, 0.5, 0.5, 0.5, 0.5, 0.5, 0.5, 0.5, 0.5, 0.5, 0.5, 0.5, 0.5, 0.5]",0.63
terrain_transition_ol_benchmark,dirt_to_clay,dirt_to_clay,dirt,clay,45.0,2.0,transition_ol,dirt_to_clay,dirt,sinusoidal,5.0,0,722,ok,/home/ksha/Documents/sbel/chrono_hil/chrono-HIL/project/SCM_Final/benchmarking/results/terrain_transition_ol_benchmark_20260606_021737/raw/0012_dirt_to_clay_sinusoidal_v5_b0_s722,/home/ksha/Documents/sbel/chrono_hil/chrono-HIL/project/SCM_Final/benchmarking/results/terrain_transition_ol_benchmark_20260606_021737/raw/0012_dirt_to_clay_sinusoidal_v5_b0_s722/open_loop_diag.csv,,7.542777889555223,open_loop_command,,0.5598718448275861,0.5457566513409962,0.7,0.5,0.1401281551724138,0.0457566513409961,0.0841882922780902,,,1,"[1.512, 1.607, 1.649, 1.694, 1.773, 2.064, 2.586, 3.383, 4.365, 5.367, 6.468, 7.582, 8.846, 9.968, 11.247, 12.463, 13.687, 14.916, 16.352, 17.888, 19.557, 21.41, 23.338, 25.331, 27.334, 29.464, 31.6, 33.815, 35.982, 38.232, 40.359, 42.678, 44.935, 47.403, 49.647, 52.047, 54.407, 56.876, 59.238, 61.527, 63.961, 66.16, 68.453, 70.896, 73.295, 75.575, 78.105, 80.386, 82.985, 85.326, 87.623, 89.867, 92.292, 94.577, 96.876, 99.264, 101.65, 104.084, 106.459, 108.897, 111.297, 113.52, 115.87, 118.224, 120.555, 122.902, 125.209, 127.702, 130.039, 132.5, 134.817, 137.29, 139.549, 141.802, 144.164, 146.266, 148.73, 151.138, 153.465, 155.859, 158.334, 160.683, 163.062, 165.53, 167.811, 170.091, 172.382, 174.572, 177.004, 179.309]","[0.7, 0.7, 0.7, 0.7, 0.7, 0.7, 0.7, 0.7, 0.7, 0.7, 0.7, 0.7, 0.7, 0.7, 0.7, 0.7, 0.6208, 0.5793, 0.5843, 0.6098, 0.6103, 0.6125, 0.6055, 0.5899, 0.5629, 0.5427, 0.5319, 0.5366, 0.56, 0.5496, 0.5401, 0.538, 0.5727, 0.6157, 0.6466, 0.6652, 0.6698, 0.6728, 0.6743, 0.6766, 0.6628, 0.6329, 0.624, 0.6217, 0.5944, 0.5813, 0.5697, 0.5602, 0.5561, 0.5517, 0.5491, 0.5479, 0.5416, 0.5397, 0.5405, 0.5416, 0.5435, 0.5408, 0.537, 0.5359, 0.5364, 0.5375, 0.5373, 0.5343, 0.5301, 0.532, 0.5346, 0.5383, 0.5391, 0.5363, 0.5364, 0.539, 0.5439, 0.5453, 0.5427, 0.5402, 0.5441, 0.5471, 0.5494, 0.5485, 0.5415, 0.5408, 0.5444, 0.5459, 0.5434, 0.5394, 0.5353, 0.5364, 0.541, 0.5442]","[0.7, 0.7, 0.7, 0.7, 0.7, 0.7, 0.7, 0.7, 0.7, 0.7, 0.7, 0.7, 0.7, 0.7, 0.7, 0.7, 0.7, 0.7, 0.7, 0.7, 0.7, 0.7, 0.7, 0.7, 0.7, 0.7, 0.7, 0.7, 0.7, 0.7, 0.7, 0.7, 0.6065, 0.5, 0.5, 0.5, 0.5, 0.5, 0.5, 0.5, 0.5, 0.5, 0.5, 0.5, 0.5, 0.5, 0.5, 0.5, 0.5, 0.5, 0.5, 0.5, 0.5, 0.5, 0.5, 0.5, 0.5, 0.5, 0.5, 0.5, 0.5, 0.5, 0.5, 0.5, 0.5, 0.5, 0.5, 0.5, 0.5, 0.5, 0.5, 0.5, 0.5, 0.5, 0.5, 0.5, 0.5, 0.5, 0.5, 0.5, 0.5, 0.5, 0.5, 0.5, 0.5, 0.5, 0.5, 0.5, 0.5, 0.5]",0.63
terrain_transition_ol_benchmark,dirt_to_clay,dirt_to_clay,dirt,clay,45.0,2.0,transition_ol,dirt_to_clay,dirt,sinusoidal,5.0,0,721,ok,/home/ksha/Documents/sbel/chrono_hil/chrono-HIL/project/SCM_Final/benchmarking/results/terrain_transition_ol_benchmark_20260606_021737/raw/0011_dirt_to_clay_sinusoidal_v5_b0_s721,/home/ksha/Documents/sbel/chrono_hil/chrono-HIL/project/SCM_Final/benchmarking/results/terrain_transition_ol_benchmark_20260606_021737/raw/0011_dirt_to_clay_sinusoidal_v5_b0_s721/open_loop_diag.csv,,7.57824220589705,open_loop_command,,0.5777420434782609,0.5488119428026692,0.7,0.5,0.1222579565217391,0.0488119428026692,0.0787745963661488,38.43795,4.379999999999999,1,"[1.544, 1.617, 1.648, 1.695, 1.751, 2.102, 2.625, 3.318, 4.229, 5.348, 6.44, 7.62, 8.807, 9.992, 11.282, 12.388, 13.761, 15.181, 16.567, 18.22, 19.967, 21.867, 23.771, 25.747, 27.896, 30.139, 32.292, 34.57, 36.816, 38.99, 41.17, 43.489, 45.661, 48.073, 50.459, 52.879, 55.257, 57.558, 60.03, 62.219, 64.665, 66.98, 69.367, 71.658, 74.052, 76.365, 78.795, 81.184, 83.588, 85.943, 88.293, 90.614, 93.009, 95.3, 97.572, 99.945, 102.25, 104.807, 107.169, 109.468, 111.885, 114.342, 116.476, 118.887, 121.099, 123.473, 125.836, 128.237, 130.626, 133.089, 135.352, 137.852, 140.16, 142.376, 144.76, 146.995, 149.299, 151.683, 154.01, 156.306, 158.798, 161.107, 163.655, 165.879, 168.234, 170.546, 172.795, 175.055, 177.424, 179.761]","[0.7, 0.7, 0.7, 0.7, 0.7, 0.7, 0.7, 0.7, 0.7, 0.7, 0.7, 0.7, 0.7, 0.7, 0.7, 0.7, 0.6278, 0.5877, 0.5921, 0.6191, 0.6186, 0.6205, 0.6332, 0.6337, 0.5969, 0.5613, 0.5382, 0.5308, 0.5616, 0.5643, 0.5493, 0.5407, 0.5617, 0.6015, 0.6376, 0.661, 0.6642, 0.6695, 0.6732, 0.6636, 0.632, 0.6058, 0.5892, 0.5902, 0.5769, 0.5616, 0.5488, 0.5374, 0.5277, 0.5255, 0.5258, 0.5276, 0.5271, 0.5253, 0.5285, 0.5359, 0.5433, 0.5456, 0.5429, 0.5405, 0.5498, 0.5585, 0.5624, 0.562, 0.5558, 0.5583, 0.5634, 0.5665, 0.5649, 0.5579, 0.552, 0.5527, 0.556, 0.556, 0.5535, 0.5473, 0.545, 0.5508, 0.5545, 0.5545, 0.5467, 0.5423, 0.5438, 0.5485, 0.5506, 0.5476, 0.5419, 0.5383, 0.5457, 0.5474]","[0.7, 0.7, 0.7, 0.7, 0.7, 0.7, 0.7, 0.7, 0.7, 0.7, 0.7, 0.7, 0.7, 0.7, 0.7, 0.7, 0.7, 0.7, 0.7, 0.7, 0.7, 0.7, 0.7, 0.7, 0.7, 0.7, 0.7, 0.7, 0.7, 0.7, 0.7, 0.7, 0.5339, 0.5, 0.5, 0.5, 0.5, 0.5, 0.5, 0.5, 0.5, 0.5, 0.5, 0.5, 0.5, 0.5, 0.5, 0.5, 0.5, 0.5, 0.5, 0.5, 0.5, 0.5, 0.5, 0.5, 0.5, 0.5, 0.5, 0.5, 0.5, 0.5, 0.5, 0.5, 0.5, 0.5, 0.5, 0.5, 0.5, 0.5, 0.5, 0.5, 0.5, 0.5, 0.5, 0.5, 0.5, 0.5, 0.5, 0.5, 0.5, 0.5, 0.5, 0.5, 0.5, 0.5, 0.5, 0.5, 0.5, 0.5]",0.63
terrain_transition_ol_benchmark,dirt_to_clay,dirt_to_clay,dirt,clay,45.0,2.0,transition_ol,dirt_to_clay,dirt,sinusoidal,5.0,0,723,ok,/home/ksha/Documents/sbel/chrono_hil/chrono-HIL/project/SCM_Final/benchmarking/results/terrain_transition_ol_benchmark_20260606_021737/raw/0013_dirt_to_clay_sinusoidal_v5_b0_s723,/home/ksha/Documents/sbel/chrono_hil/chrono-HIL/project/SCM_Final/benchmarking/results/terrain_transition_ol_benchmark_20260606_021737/raw/0013_dirt_to_clay_sinusoidal_v5_b0_s723/open_loop_diag.csv,,7.542140327836082,open_loop_command,,0.5534452068965517,0.5464727988505746,0.7,0.5,0.1465547931034482,0.0464727988505746,0.0932159121407438,,,1,"[1.551, 1.622, 1.659, 1.694, 1.76, 2.08, 2.646, 3.373, 4.329, 5.383, 6.543, 7.645, 8.815, 9.953, 11.233, 12.469, 13.707, 14.914, 16.366, 17.891, 19.626, 21.438, 23.342, 25.355, 27.311, 29.456, 31.642, 33.933, 35.947, 38.248, 40.432, 42.725, 45.075, 47.429, 49.761, 52.159, 54.5, 56.888, 59.361, 61.595, 63.985, 66.221, 68.701, 71.022, 73.448, 75.707, 78.141, 80.444, 83.074, 85.442, 87.676, 90.045, 92.374, 94.714, 97.005, 99.465, 101.766, 104.236, 106.594, 108.961, 111.347, 113.727, 115.951, 118.321, 120.644, 123.122, 125.38, 127.8, 130.186, 132.7, 135.016, 137.436, 139.698, 141.935, 144.248, 146.516, 148.911, 151.231, 153.653, 156.109, 158.48, 160.905, 163.189, 165.58, 167.879, 170.064, 172.449, 174.766, 177.132, 179.452]","[0.7, 0.7, 0.7, 0.7, 0.7, 0.7, 0.7, 0.7, 0.7, 0.7, 0.7, 0.7, 0.7, 0.7, 0.7, 0.7, 0.6113, 0.5666, 0.578, 0.6048, 0.6065, 0.605, 0.5966, 0.5708, 0.5433, 0.5266, 0.5183, 0.5366, 0.5589, 0.5523, 0.546, 0.5561, 0.5905, 0.628, 0.6547, 0.6712, 0.6763, 0.6793, 0.6843, 0.6882, 0.6859, 0.684, 0.6855, 0.6868, 0.679, 0.6499, 0.6176, 0.597, 0.5798, 0.5658, 0.5544, 0.539, 0.531, 0.5276, 0.5271, 0.5289, 0.5313, 0.5281, 0.5252, 0.5245, 0.5281, 0.5322, 0.5321, 0.5283, 0.5278, 0.5296, 0.5327, 0.5362, 0.5321, 0.529, 0.5293, 0.529, 0.5309, 0.5314, 0.528, 0.5254, 0.5263, 0.5328, 0.5387, 0.5398, 0.5379, 0.5386, 0.54, 0.5415, 0.5408, 0.5351, 0.5331, 0.5342, 0.5365, 0.5404]","[0.7, 0.7, 0.7, 0.7, 0.7, 0.7, 0.7, 0.7, 0.7, 0.7, 0.7, 0.7, 0.7, 0.7, 0.7, 0.7, 0.7, 0.7, 0.7, 0.7, 0.7, 0.7, 0.7, 0.7, 0.7, 0.7, 0.7, 0.7, 0.7, 0.7, 0.7, 0.7, 0.5925, 0.5, 0.5, 0.5, 0.5, 0.5, 0.5, 0.5, 0.5, 0.5, 0.5, 0.5, 0.5, 0.5, 0.5, 0.5, 0.5, 0.5, 0.5, 0.5, 0.5, 0.5, 0.5, 0.5, 0.5, 0.5, 0.5, 0.5, 0.5, 0.5, 0.5, 0.5, 0.5, 0.5, 0.5, 0.5, 0.5, 0.5, 0.5, 0.5, 0.5, 0.5, 0.5, 0.5, 0.5, 0.5, 0.5, 0.5, 0.5, 0.5, 0.5, 0.5, 0.5, 0.5, 0.5, 0.5, 0.5, 0.5]",0.63
terrain_transition_ol_benchmark,dirt_to_sand,dirt_to_sand,dirt,sand,45.0,2.0,transition_ol,dirt_to_sand,dirt,sinusoidal,5.0,0,722,ok,/home/ksha/Documents/sbel/chrono_hil/chrono-HIL/project/SCM_Final/benchmarking/results/terrain_transition_ol_benchmark_20260606_021737/raw/0017_dirt_to_sand_sinusoidal_v5_b0_s722,/home/ksha/Documents/sbel/chrono_hil/chrono-HIL/project/SCM_Final/benchmarking/results/terrain_transition_ol_benchmark_20260606_021737/raw/0017_dirt_to_sand_sinusoidal_v5_b0_s722/open_loop_diag.csv,,7.034785112943528,open_loop_command,,0.5605309098712447,0.621207279883382,0.7,1.1,0.1394690901287553,0.4787927201166181,0.3835411129624578,,,1,"[1.532, 1.623, 1.648, 1.691, 1.756, 2.087, 2.646, 3.386, 4.263, 5.342, 6.458, 7.683, 8.846, 10.03, 11.217, 12.432, 13.722, 14.944, 16.301, 17.931, 19.542, 21.382, 23.291, 25.387, 27.31, 29.442, 31.553, 33.868, 36.008, 38.199, 40.358, 42.725, 44.882, 47.306, 49.63, 51.975, 54.248, 56.527, 58.755, 60.887, 63.117, 65.11, 67.346, 69.394, 71.667, 73.802, 76.03, 78.229, 80.39, 82.583, 84.737, 86.751, 88.842, 90.942, 92.963, 95.252, 97.346, 99.585, 101.689, 103.905, 105.947, 108.061, 110.072, 112.161, 114.16, 116.256, 118.466, 120.58, 122.652, 124.941, 127.08, 129.19, 131.272, 133.247, 135.165, 137.192, 139.371, 141.4, 143.572, 145.72, 147.84, 149.906, 152.144, 154.242, 156.282, 158.199, 160.185, 162.191, 164.295, 166.447]","[0.7, 0.7, 0.7, 0.7, 0.7, 0.7, 0.7, 0.7, 0.7, 0.7, 0.7, 0.7, 0.7, 0.7, 0.7, 0.7, 0.6201, 0.5795, 0.5862, 0.6119, 0.6117, 0.6126, 0.6065, 0.5919, 0.5634, 0.5416, 0.5302, 0.5336, 0.5553, 0.5517, 0.5431, 0.554, 0.5933, 0.6367, 0.6772, 0.701, 0.7083, 0.7162, 0.7157, 0.7048, 0.6469, 0.6041, 0.5774, 0.5731, 0.5759, 0.5579, 0.5422, 0.5295, 0.5195, 0.5176, 0.5205, 0.5215, 0.5136, 0.5353, 0.571, 0.6036, 0.6214, 0.6222, 0.6174, 0.6282, 0.6734, 0.676, 0.6644, 0.638, 0.6153, 0.6405, 0.6657, 0.6792, 0.6607, 0.6425, 0.6539, 0.6898, 0.7026, 0.6859, 0.656, 0.637, 0.6606, 0.6927, 0.6953, 0.6814, 0.648, 0.6441, 0.6555, 0.6586, 0.6387, 0.6056, 0.584, 0.5894, 0.622, 0.6274]","[0.7, 0.7, 0.7, 0.7, 0.7, 0.7, 0.7, 0.7, 0.7, 0.7, 0.7, 0.7, 0.7, 0.7, 0.7, 0.7, 0.7, 0.7, 0.7, 0.7, 0.7, 0.7, 0.7, 0.7, 0.7, 0.7, 0.7, 0.7, 0.7, 0.7, 0.7, 0.7, 0.8764, 1.1, 1.1, 1.1, 1.1, 1.1, 1.1, 1.1, 1.1, 1.1, 1.1, 1.1, 1.1, 1.1, 1.1, 1.1, 1.1, 1.1, 1.1, 1.1, 1.1, 1.1, 1.1, 1.1, 1.1, 1.1, 1.1, 1.1, 1.1, 1.1, 1.1, 1.1, 1.1, 1.1, 1.1, 1.1, 1.1, 1.1, 1.1, 1.1, 1.1, 1.1, 1.1, 1.1, 1.1, 1.1, 1.1, 1.1, 1.1, 1.1, 1.1, 1.1, 1.1, 1.1, 1.1, 1.1, 1.1, 1.1]",0.63
terrain_transition_ol_benchmark,dirt_to_sand,dirt_to_sand,dirt,sand,45.0,2.0,transition_ol,dirt_to_sand,dirt,sinusoidal,5.0,0,723,ok,/home/ksha/Documents/sbel/chrono_hil/chrono-HIL/project/SCM_Final/benchmarking/results/terrain_transition_ol_benchmark_20260606_021737/raw/0018_dirt_to_sand_sinusoidal_v5_b0_s723,/home/ksha/Documents/sbel/chrono_hil/chrono-HIL/project/SCM_Final/benchmarking/results/terrain_transition_ol_benchmark_20260606_021737/raw/0018_dirt_to_sand_sinusoidal_v5_b0_s723/open_loop_diag.csv,,7.024871577211395,open_loop_command,,0.5526367629310346,0.6243403644314869,0.7,1.1,0.1473632370689653,0.4756596355685132,0.3874659260070217,,,1,"[1.542, 1.614, 1.653, 1.7, 1.774, 2.114, 2.663, 3.424, 4.379, 5.351, 6.516, 7.668, 8.844, 10.046, 11.233, 12.448, 13.689, 14.936, 16.397, 17.927, 19.573, 21.402, 23.348, 25.299, 27.398, 29.431, 31.606, 33.877, 36.024, 38.284, 40.392, 42.834, 45.002, 47.541, 49.758, 52.022, 54.294, 56.504, 58.815, 60.927, 63.045, 65.233, 67.407, 69.443, 71.69, 73.873, 76.093, 78.115, 80.459, 82.615, 84.644, 86.671, 88.82, 90.867, 93.068, 95.264, 97.373, 99.576, 101.621, 103.855, 105.983, 108.024, 110.008, 112.061, 114.065, 116.177, 118.316, 120.563, 122.676, 124.913, 127.085, 129.142, 131.161, 133.15, 135.16, 137.048, 139.151, 141.243, 143.433, 145.508, 147.811, 149.906, 151.989, 154.057, 155.945, 157.941, 159.923, 162.017, 164.052, 166.194]","[0.7, 0.7, 0.7, 0.7, 0.7, 0.7, 0.7, 0.7, 0.7, 0.7, 0.7, 0.7, 0.7, 0.7, 0.7, 0.7, 0.6134, 0.5677, 0.5751, 0.6061, 0.6078, 0.6098, 0.6046, 0.5755, 0.5447, 0.5257, 0.5158, 0.5329, 0.5569, 0.5473, 0.5392, 0.546, 0.5783, 0.6261, 0.6607, 0.6687, 0.6696, 0.6773, 0.6687, 0.6469, 0.6021, 0.5774, 0.5624, 0.5517, 0.5397, 0.5324, 0.5272, 0.5234, 0.5213, 0.5316, 0.5463, 0.5592, 0.5521, 0.5783, 0.6202, 0.6504, 0.6646, 0.6534, 0.6482, 0.6694, 0.721, 0.7212, 0.7029, 0.6764, 0.6616, 0.6835, 0.7047, 0.7136, 0.6934, 0.6827, 0.6883, 0.7016, 0.7113, 0.6917, 0.6545, 0.6371, 0.6458, 0.6601, 0.656, 0.6362, 0.5991, 0.5965, 0.5965, 0.5952, 0.5726, 0.5505, 0.5411, 0.5463, 0.5689, 0.5869]","[0.7, 0.7, 0.7, 0.7, 0.7, 0.7, 0.7, 0.7, 0.7, 0.7, 0.7, 0.7, 0.7, 0.7, 0.7, 0.7, 0.7, 0.7, 0.7, 0.7, 0.7, 0.7, 0.7, 0.7, 0.7, 0.7, 0.7, 0.7, 0.7, 0.7, 0.7, 0.7, 0.9005, 1.1, 1.1, 1.1, 1.1, 1.1, 1.1, 1.1, 1.1, 1.1, 1.1, 1.1, 1.1, 1.1, 1.1, 1.1, 1.1, 1.1, 1.1, 1.1, 1.1, 1.1, 1.1, 1.1, 1.1, 1.1, 1.1, 1.1, 1.1, 1.1, 1.1, 1.1, 1.1, 1.1, 1.1, 1.1, 1.1, 1.1, 1.1, 1.1, 1.1, 1.1, 1.1, 1.1, 1.1, 1.1, 1.1, 1.1, 1.1, 1.1, 1.1, 1.1, 1.1, 1.1, 1.1, 1.1, 1.1, 1.1]",0.63
terrain_transition_ol_benchmark,dirt_to_sand,dirt_to_sand,dirt,sand,45.0,2.0,transition_ol,dirt_to_sand,dirt,sinusoidal,5.0,0,720,ok,/home/ksha/Documents/sbel/chrono_hil/chrono-HIL/project/SCM_Final/benchmarking/results/terrain_transition_ol_benchmark_20260606_021737/raw/0015_dirt_to_sand_sinusoidal_v5_b0_s720,/home/ksha/Documents/sbel/chrono_hil/chrono-HIL/project/SCM_Final/benchmarking/results/terrain_transition_ol_benchmark_20260606_021737/raw/0015_dirt_to_sand_sinusoidal_v5_b0_s720/open_loop_diag.csv,,7.040506687656172,open_loop_command,,0.5480802918454936,0.6721081048543689,0.7,1.1,0.1519197081545064,0.4278918951456312,0.3574228493646497,,,1,"[1.506, 1.624, 1.658, 1.692, 1.751, 2.127, 2.691, 3.361, 4.324, 5.301, 6.474, 7.665, 8.867, 10.037, 11.278, 12.507, 13.763, 15.042, 16.438, 18.104, 19.729, 21.582, 23.385, 25.505, 27.6, 29.68, 31.787, 34.182, 36.233, 38.473, 40.611, 42.995, 45.173, 47.618, 49.842, 52.176, 54.486, 56.634, 58.943, 61.051, 63.354, 65.36, 67.568, 69.528, 71.849, 74.004, 76.143, 78.269, 80.608, 82.654, 84.9, 86.877, 89.059, 91.076, 93.126, 95.217, 97.363, 99.608, 101.638, 103.899, 106.112, 108.156, 110.184, 112.276, 114.234, 116.334, 118.414, 120.593, 122.816, 124.913, 127.077, 129.287, 131.29, 133.269, 135.347, 137.282, 139.351, 141.32, 143.574, 145.654, 147.765, 149.941, 152.092, 154.261, 156.275, 158.139, 160.188, 162.196, 164.258, 166.254]","[0.7, 0.7, 0.7, 0.7, 0.7, 0.7, 0.7, 0.7, 0.7, 0.7, 0.7, 0.7, 0.7, 0.7, 0.7, 0.7, 0.6194, 0.5804, 0.5872, 0.6198, 0.6248, 0.6164, 0.5937, 0.5997, 0.5704, 0.5403, 0.5188, 0.5078, 0.5209, 0.5215, 0.5198, 0.5223, 0.5544, 0.6049, 0.6473, 0.6796, 0.68, 0.6828, 0.6759, 0.6567, 0.6321, 0.6046, 0.5824, 0.5691, 0.5605, 0.5533, 0.5551, 0.5506, 0.5427, 0.5558, 0.5729, 0.5709, 0.5567, 0.5629, 0.5957, 0.6605, 0.6901, 0.6869, 0.6728, 0.6555, 0.6969, 0.7093, 0.6973, 0.6845, 0.6513, 0.6476, 0.6847, 0.7004, 0.7017, 0.6891, 0.6694, 0.687, 0.7317, 0.7405, 0.7407, 0.7148, 0.7097, 0.7438, 0.7612, 0.7604, 0.7412, 0.7185, 0.7417, 0.7655, 0.76, 0.7357, 0.7053, 0.6844, 0.7205, 0.727]","[0.7, 0.7, 0.7, 0.7, 0.7, 0.7, 0.7, 0.7, 0.7, 0.7, 0.7, 0.7, 0.7, 0.7, 0.7, 0.7, 0.7, 0.7, 0.7, 0.7, 0.7, 0.7, 0.7, 0.7, 0.7, 0.7, 0.7, 0.7, 0.7, 0.7, 0.7, 0.7, 0.9346, 1.1, 1.1, 1.1, 1.1, 1.1, 1.1, 1.1, 1.1, 1.1, 1.1, 1.1, 1.1, 1.1, 1.1, 1.1, 1.1, 1.1, 1.1, 1.1, 1.1, 1.1, 1.1, 1.1, 1.1, 1.1, 1.1, 1.1, 1.1, 1.1, 1.1, 1.1, 1.1, 1.1, 1.1, 1.1, 1.1, 1.1, 1.1, 1.1, 1.1, 1.1, 1.1, 1.1, 1.1, 1.1, 1.1, 1.1, 1.1, 1.1, 1.1, 1.1, 1.1, 1.1, 1.1, 1.1, 1.1, 1.1]",0.63
terrain_transition_ol_benchmark,dirt_to_clay,dirt_to_clay,dirt,clay,45.0,2.0,transition_ol,dirt_to_clay,dirt,sinusoidal,5.0,0,724,ok,/home/ksha/Documents/sbel/chrono_hil/chrono-HIL/project/SCM_Final/benchmarking/results/terrain_transition_ol_benchmark_20260606_021737/raw/0014_dirt_to_clay_sinusoidal_v5_b0_s724,/home/ksha/Documents/sbel/chrono_hil/chrono-HIL/project/SCM_Final/benchmarking/results/terrain_transition_ol_benchmark_20260606_021737/raw/0014_dirt_to_clay_sinusoidal_v5_b0_s724/open_loop_diag.csv,,7.554219289355323,open_loop_command,,0.5314868398268398,0.5374132592945662,0.7,0.5,0.1685131601731602,0.0374132592945661,0.0909697227938389,,,1,"[1.551, 1.621, 1.653, 1.688, 1.808, 2.101, 2.718, 3.48, 4.46, 5.477, 6.701, 7.75, 8.903, 10.041, 11.368, 12.623, 13.776, 15.069, 16.62, 18.178, 19.863, 21.791, 23.674, 25.685, 27.765, 29.904, 32.146, 34.341, 36.464, 38.686, 40.906, 43.293, 45.587, 47.966, 50.278, 52.789, 55.077, 57.476, 59.84, 62.145, 64.397, 66.759, 69.192, 71.539, 73.949, 76.343, 78.785, 81.057, 83.594, 85.842, 88.363, 90.612, 92.946, 95.295, 97.662, 100.129, 102.473, 104.876, 107.233, 109.658, 112.029, 114.467, 116.582, 119.015, 121.242, 123.767, 126.054, 128.532, 130.965, 133.363, 135.82, 138.11, 140.375, 142.635, 145.01, 147.276, 149.658, 152.014, 154.442, 156.854, 159.342, 161.629, 164.077, 166.356, 168.7, 170.979, 173.271, 175.577, 178.037, 180.411]","[0.7, 0.7, 0.7, 0.7, 0.7, 0.7, 0.7, 0.7, 0.7, 0.7, 0.7, 0.7, 0.7, 0.7, 0.7, 0.7, 0.6121, 0.5624, 0.5658, 0.6007, 0.6054, 0.5874, 0.5717, 0.5524, 0.5305, 0.516, 0.5077, 0.5085, 0.5122, 0.5114, 0.5157, 0.5489, 0.5899, 0.6271, 0.6505, 0.6673, 0.6759, 0.6775, 0.677, 0.6762, 0.6526, 0.6492, 0.6516, 0.6464, 0.6215, 0.5999, 0.583, 0.574, 0.5612, 0.5503, 0.5433, 0.5373, 0.5288, 0.5264, 0.5254, 0.5294, 0.531, 0.5271, 0.5267, 0.5265, 0.5265, 0.5276, 0.5245, 0.5208, 0.5201, 0.5205, 0.5236, 0.5266, 0.5223, 0.5218, 0.521, 0.5214, 0.5275, 0.5258, 0.5221, 0.5227, 0.525, 0.5299, 0.5335, 0.5305, 0.5267, 0.5259, 0.5275, 0.5325, 0.5334, 0.5305, 0.5305, 0.5301, 0.5342, 0.5387]","[0.7, 0.7, 0.7, 0.7, 0.7, 0.7, 0.7, 0.7, 0.7, 0.7, 0.7, 0.7, 0.7, 0.7, 0.7, 0.7, 0.7, 0.7, 0.7, 0.7, 0.7, 0.7, 0.7, 0.7, 0.7, 0.7, 0.7, 0.7, 0.7, 0.7, 0.7, 0.7, 0.5413, 0.5, 0.5, 0.5, 0.5, 0.5, 0.5, 0.5, 0.5, 0.5, 0.5, 0.5, 0.5, 0.5, 0.5, 0.5, 0.5, 0.5, 0.5, 0.5, 0.5, 0.5, 0.5, 0.5, 0.5, 0.5, 0.5, 0.5, 0.5, 0.5, 0.5, 0.5, 0.5, 0.5, 0.5, 0.5, 0.5, 0.5, 0.5, 0.5, 0.5, 0.5, 0.5, 0.5, 0.5, 0.5, 0.5, 0.5, 0.5, 0.5, 0.5, 0.5, 0.5, 0.5, 0.5, 0.5, 0.5, 0.5]",0.63
terrain_transition_ol_benchmark,dirt_to_sand,dirt_to_sand,dirt,sand,45.0,2.0,transition_ol,dirt_to_sand,dirt,sinusoidal,5.0,0,721,ok,/home/ksha/Documents/sbel/chrono_hil/chrono-HIL/project/SCM_Final/benchmarking/results/terrain_transition_ol_benchmark_20260606_021737/raw/0016_dirt_to_sand_sinusoidal_v5_b0_s721,/home/ksha/Documents/sbel/chrono_hil/chrono-HIL/project/SCM_Final/benchmarking/results/terrain_transition_ol_benchmark_20260606_021737/raw/0016_dirt_to_sand_sinusoidal_v5_b0_s721/open_loop_diag.csv,,7.0715211549225385,open_loop_command,,0.5773570346320346,0.6743827569913211,0.7,1.1,0.1226429653679653,0.425617243008679,0.3539002017300382,,,1,"[1.514, 1.621, 1.656, 1.692, 1.756, 2.101, 2.669, 3.361, 4.292, 5.322, 6.541, 7.62, 8.831, 10.046, 11.251, 12.418, 13.728, 15.107, 16.561, 18.274, 19.972, 21.879, 23.702, 25.89, 27.994, 30.018, 32.299, 34.561, 36.582, 38.983, 41.201, 43.415, 45.776, 48.109, 50.432, 52.752, 54.959, 57.135, 59.528, 61.69, 63.786, 65.904, 68.07, 70.243, 72.491, 74.554, 76.658, 78.891, 81.187, 83.303, 85.526, 87.489, 89.656, 91.69, 93.813, 96.019, 98.113, 100.342, 102.354, 104.724, 106.874, 108.985, 111.012, 113.048, 115.053, 117.252, 119.347, 121.578, 123.554, 125.87, 127.9, 130.18, 132.213, 134.237, 136.312, 138.253, 140.3, 142.276, 144.58, 146.687, 148.795, 150.995, 153.136, 155.223, 157.369, 159.313, 161.343, 163.364, 165.382, 167.424]","[0.7, 0.7, 0.7, 0.7, 0.7, 0.7, 0.7, 0.7, 0.7, 0.7, 0.7, 0.7, 0.7, 0.7, 0.7, 0.7, 0.6264, 0.586, 0.5887, 0.6141, 0.6154, 0.6181, 0.6313, 0.6284, 0.591, 0.5564, 0.535, 0.5328, 0.5663, 0.5712, 0.555, 0.5482, 0.5838, 0.6246, 0.6616, 0.6862, 0.6905, 0.6965, 0.7001, 0.6845, 0.6263, 0.59, 0.5659, 0.5674, 0.5709, 0.5605, 0.5464, 0.5352, 0.5293, 0.5533, 0.575, 0.5888, 0.576, 0.5738, 0.6177, 0.6625, 0.6816, 0.6807, 0.6657, 0.6631, 0.7183, 0.7331, 0.7279, 0.7172, 0.6901, 0.7179, 0.7495, 0.7687, 0.766, 0.7456, 0.7404, 0.7631, 0.7759, 0.7561, 0.7292, 0.7019, 0.705, 0.7275, 0.7202, 0.7132, 0.6893, 0.6787, 0.6981, 0.7127, 0.6948, 0.6771, 0.6557, 0.6512, 0.6885, 0.6957]","[0.7, 0.7, 0.7, 0.7, 0.7, 0.7, 0.7, 0.7, 0.7, 0.7, 0.7, 0.7, 0.7, 0.7, 0.7, 0.7, 0.7, 0.7, 0.7, 0.7, 0.7, 0.7, 0.7, 0.7, 0.7, 0.7, 0.7, 0.7, 0.7, 0.7, 0.7, 0.7, 1.0553, 1.1, 1.1, 1.1, 1.1, 1.1, 1.1, 1.1, 1.1, 1.1, 1.1, 1.1, 1.1, 1.1, 1.1, 1.1, 1.1, 1.1, 1.1, 1.1, 1.1, 1.1, 1.1, 1.1, 1.1, 1.1, 1.1, 1.1, 1.1, 1.1, 1.1, 1.1, 1.1, 1.1, 1.1, 1.1, 1.1, 1.1, 1.1, 1.1, 1.1, 1.1, 1.1, 1.1, 1.1, 1.1, 1.1, 1.1, 1.1, 1.1, 1.1, 1.1, 1.1, 1.1, 1.1, 1.1, 1.1, 1.1]",0.63
terrain_transition_ol_benchmark,dirt_to_sand,dirt_to_sand,dirt,sand,45.0,2.0,transition_ol,dirt_to_sand,dirt,sinusoidal,5.0,0,724,ok,/home/ksha/Documents/sbel/chrono_hil/chrono-HIL/project/SCM_Final/benchmarking/results/terrain_transition_ol_benchmark_20260606_021737/raw/0019_dirt_to_sand_sinusoidal_v5_b0_s724,/home/ksha/Documents/sbel/chrono_hil/chrono-HIL/project/SCM_Final/benchmarking/results/terrain_transition_ol_benchmark_20260606_021737/raw/0019_dirt_to_sand_sinusoidal_v5_b0_s724/open_loop_diag.csv,,7.029855653673163,open_loop_command,,0.5269384181034483,0.5667064869565217,0.7,1.1,0.1730615818965516,0.5332935130434784,0.4308739388900838,,,1,"[1.54, 1.618, 1.657, 1.686, 1.789, 2.17, 2.737, 3.492, 4.449, 5.457, 6.588, 7.738, 8.988, 10.207, 11.405, 12.553, 13.809, 15.148, 16.559, 18.173, 19.962, 21.741, 23.673, 25.777, 27.73, 29.88, 32.135, 34.323, 36.493, 38.707, 40.973, 43.227, 45.554, 47.985, 50.293, 52.614, 54.767, 57.002, 59.331, 61.483, 63.641, 65.747, 67.893, 70.039, 72.306, 74.386, 76.598, 78.734, 80.988, 83.186, 85.309, 87.248, 89.489, 91.573, 93.553, 95.845, 97.985, 100.121, 102.201, 104.394, 106.52, 108.585, 110.568, 112.747, 114.653, 116.936, 118.93, 121.162, 123.241, 125.457, 127.656, 129.804, 131.814, 133.6, 135.738, 137.726, 139.842, 141.897, 144.139, 146.25, 148.445, 150.445, 152.669, 154.65, 156.604, 158.577, 160.658, 162.727, 164.753, 166.859]","[0.7, 0.7, 0.7, 0.7, 0.7, 0.7, 0.7, 0.7, 0.7, 0.7, 0.7, 0.7, 0.7, 0.7, 0.7, 0.7, 0.6123, 0.5619, 0.5651, 0.5892, 0.6061, 0.5876, 0.5714, 0.553, 0.529, 0.5117, 0.5019, 0.5, 0.504, 0.5034, 0.5057, 0.5192, 0.5479, 0.6023, 0.6391, 0.6459, 0.6455, 0.6319, 0.6014, 0.5756, 0.5491, 0.5373, 0.5306, 0.5256, 0.522, 0.519, 0.5162, 0.5138, 0.5093, 0.5078, 0.508, 0.5066, 0.5068, 0.5147, 0.529, 0.5499, 0.5475, 0.5363, 0.5303, 0.5307, 0.5372, 0.5394, 0.5335, 0.5227, 0.5417, 0.5576, 0.5805, 0.5977, 0.5727, 0.5676, 0.57, 0.5735, 0.5798, 0.5823, 0.5715, 0.5817, 0.593, 0.6187, 0.6327, 0.6167, 0.6045, 0.6105, 0.6258, 0.6455, 0.6325, 0.6083, 0.6102, 0.6269, 0.6741, 0.686]","[0.7, 0.7, 0.7, 0.7, 0.7, 0.7, 0.7, 0.7, 0.7, 0.7, 0.7, 0.7, 0.7, 0.7, 0.7, 0.7, 0.7, 0.7, 0.7, 0.7, 0.7, 0.7, 0.7, 0.7, 0.7, 0.7, 0.7, 0.7, 0.7, 0.7, 0.7, 0.7, 1.0109, 1.1, 1.1, 1.1, 1.1, 1.1, 1.1, 1.1, 1.1, 1.1, 1.1, 1.1, 1.1, 1.1, 1.1, 1.1, 1.1, 1.1, 1.1, 1.1, 1.1, 1.1, 1.1, 1.1, 1.1, 1.1, 1.1, 1.1, 1.1, 1.1, 1.1, 1.1, 1.1, 1.1, 1.1, 1.1, 1.1, 1.1, 1.1, 1.1, 1.1, 1.1, 1.1, 1.1, 1.1, 1.1, 1.1, 1.1, 1.1, 1.1, 1.1, 1.1, 1.1, 1.1, 1.1, 1.1, 1.1, 1.1]",0.63
terrain_transition_ol_benchmark,sand_to_clay,sand_to_clay,sand,clay,45.0,2.0,transition_ol,sand_to_clay,sand,sinusoidal,5.0,0,722,ok,/home/ksha/Documents/sbel/chrono_hil/chrono-HIL/project/SCM_Final/benchmarking/results/terrain_transition_ol_benchmark_20260606_021737/raw/0022_sand_to_clay_sinusoidal_v5_b0_s722,/home/ksha/Documents/sbel/chrono_hil/chrono-HIL/project/SCM_Final/benchmarking/results/terrain_transition_ol_benchmark_20260606_021737/raw/0022_sand_to_clay_sinusoidal_v5_b0_s722/open_loop_diag.csv,,5.488214548225887,open_loop_command,,1.0949393468468465,0.5123151766666666,1.1,0.5,0.0050606531531536,0.0123151766666665,0.2726701390113534,14.873260000000002,3.2040000000000006,1,"[1.533, 1.624, 1.661, 1.691, 1.751, 2.067, 2.607, 3.262, 4.066, 5.017, 6.044, 7.094, 8.182, 9.343, 10.507, 11.566, 12.684, 13.735, 14.874, 15.978, 17.127, 18.276, 19.366, 20.532, 21.587, 22.82, 23.946, 25.083, 26.117, 27.26, 28.32, 29.405, 30.523, 31.723, 32.799, 33.993, 35.063, 36.184, 37.355, 38.454, 39.564, 40.577, 41.745, 42.75, 43.967, 45.117, 46.227, 47.399, 48.626, 49.703, 50.889, 52.066, 53.292, 54.423, 55.641, 57.079, 58.599, 60.194, 61.776, 63.734, 65.449, 67.426, 69.336, 71.396, 73.431, 75.66, 77.779, 80.202, 82.533, 84.731, 87.044, 89.413, 91.733, 93.997, 96.259, 98.626, 101.011, 103.284, 105.768, 108.024, 110.47, 112.854, 115.409, 117.678, 120.032, 122.347, 124.612, 126.989, 129.38, 131.683]","[0.7, 0.7, 0.7, 0.7, 0.7, 0.7, 0.7, 0.7, 0.7, 0.7, 0.7, 0.7, 0.7, 0.7, 0.7, 0.7, 0.6278, 0.5875, 0.5709, 0.7329, 0.834, 0.9281, 0.9882, 1.0307, 1.0507, 1.0676, 1.0859, 1.1, 1.1, 1.1, 1.1, 1.1, 1.1, 1.1, 1.1, 1.1, 1.1, 1.1, 1.1, 1.1, 1.1, 1.1, 1.1, 1.1, 1.1, 1.1, 1.1, 1.1, 1.1, 1.1, 1.0866, 1.0534, 0.9985, 0.9671, 0.9286, 0.8854, 0.7724, 0.6728, 0.6008, 0.5471, 0.5, 0.5, 0.5, 0.5, 0.5, 0.5, 0.5, 0.5, 0.5, 0.5062, 0.5095, 0.5102, 0.5157, 0.518, 0.5167, 0.5151, 0.5132, 0.5119, 0.5148, 0.5172, 0.5146, 0.5144, 0.5156, 0.5188, 0.5214, 0.519, 0.517, 0.5193, 0.5248, 0.5291]","[1.1, 1.1, 1.1, 1.1, 1.1, 1.1, 1.1, 1.1, 1.1, 1.1, 1.1, 1.1, 1.1, 1.1, 1.1, 1.1, 1.1, 1.1, 1.1, 1.1, 1.1, 1.1, 1.1, 1.1, 1.1, 1.1, 1.1, 1.1, 1.1, 1.1, 1.1, 1.1, 1.1, 1.1, 1.1, 1.1, 1.1, 1.1, 1.1, 1.1, 1.1, 1.1, 1.1, 1.1, 1.1, 0.7648, 0.5, 0.5, 0.5, 0.5, 0.5, 0.5, 0.5, 0.5, 0.5, 0.5, 0.5, 0.5, 0.5, 0.5, 0.5, 0.5, 0.5, 0.5, 0.5, 0.5, 0.5, 0.5, 0.5, 0.5, 0.5, 0.5, 0.5, 0.5, 0.5, 0.5, 0.5, 0.5, 0.5, 0.5, 0.5, 0.5, 0.5, 0.5, 0.5, 0.5, 0.5, 0.5, 0.5, 0.5]",0.63
terrain_transition_ol_benchmark,sand_to_clay,sand_to_clay,sand,clay,45.0,2.0,transition_ol,sand_to_clay,sand,sinusoidal,5.0,0,723,ok,/home/ksha/Documents/sbel/chrono_hil/chrono-HIL/project/SCM_Final/benchmarking/results/terrain_transition_ol_benchmark_20260606_021737/raw/0023_sand_to_clay_sinusoidal_v5_b0_s723,/home/ksha/Documents/sbel/chrono_hil/chrono-HIL/project/SCM_Final/benchmarking/results/terrain_transition_ol_benchmark_20260606_021737/raw/0023_sand_to_clay_sinusoidal_v5_b0_s723/open_loop_diag.csv,,5.485044082458772,open_loop_command,,1.0910469306487691,0.5044736694490817,1.1,0.5,0.0089530693512307,0.0044736694490816,0.2622648567568331,10.922310000000005,2.4719999999999995,1,"[1.551, 1.615, 1.658, 1.682, 1.791, 2.057, 2.556, 3.221, 4.136, 5.033, 6.08, 7.132, 8.243, 9.283, 10.417, 11.521, 12.679, 13.767, 14.832, 16.029, 17.07, 18.304, 19.396, 20.611, 21.634, 22.844, 23.926, 25.117, 26.139, 27.233, 28.282, 29.377, 30.585, 31.656, 32.792, 33.979, 35.096, 36.207, 37.418, 38.411, 39.501, 40.578, 41.69, 42.818, 43.996, 45.047, 46.201, 47.352, 48.528, 49.635, 50.868, 51.936, 53.205, 54.377, 55.684, 57.067, 58.535, 60.18, 61.902, 63.614, 65.483, 67.338, 69.245, 71.352, 73.412, 75.652, 77.824, 80.156, 82.393, 84.767, 87.06, 89.402, 91.743, 93.906, 96.179, 98.53, 100.916, 103.197, 105.663, 108.031, 110.431, 112.863, 115.298, 117.523, 119.936, 122.209, 124.544, 126.907, 129.354, 131.58]","[0.7, 0.7, 0.7, 0.7, 0.7, 0.7, 0.7, 0.7, 0.7, 0.7, 0.7, 0.7, 0.7, 0.7, 0.7, 0.7, 0.627, 0.5846, 0.5657, 0.7105, 0.8239, 0.9169, 0.9707, 1.0144, 1.0355, 1.054, 1.073, 1.0906, 1.0915, 1.0933, 1.0978, 1.1, 1.1, 1.1, 1.1, 1.1, 1.1, 1.1, 1.1, 1.1, 1.1, 1.1, 1.1, 1.1, 1.1, 1.1, 1.1, 1.1, 1.1, 1.1, 1.0803, 1.0399, 0.9267, 0.8459, 0.7373, 0.6603, 0.5433, 0.5002, 0.5, 0.5, 0.5, 0.5, 0.5, 0.5, 0.5, 0.5, 0.5, 0.5, 0.5, 0.5, 0.5, 0.5, 0.5, 0.5, 0.5, 0.5, 0.5, 0.5, 0.5, 0.5018, 0.5027, 0.5036, 0.5048, 0.5096, 0.5144, 0.5133, 0.5134, 0.5158, 0.5238, 0.5299]","[1.1, 1.1, 1.1, 1.1, 1.1, 1.1, 1.1, 1.1, 1.1, 1.1, 1.1, 1.1, 1.1, 1.1, 1.1, 1.1, 1.1, 1.1, 1.1, 1.1, 1.1, 1.1, 1.1, 1.1, 1.1, 1.1, 1.1, 1.1, 1.1, 1.1, 1.1, 1.1, 1.1, 1.1, 1.1, 1.1, 1.1, 1.1, 1.1, 1.1, 1.1, 1.1, 1.1, 1.1, 1.1, 0.786, 0.5, 0.5, 0.5, 0.5, 0.5, 0.5, 0.5, 0.5, 0.5, 0.5, 0.5, 0.5, 0.5, 0.5, 0.5, 0.5, 0.5, 0.5, 0.5, 0.5, 0.5, 0.5, 0.5, 0.5, 0.5, 0.5, 0.5, 0.5, 0.5, 0.5, 0.5, 0.5, 0.5, 0.5, 0.5, 0.5, 0.5, 0.5, 0.5, 0.5, 0.5, 0.5, 0.5, 0.5]",0.63
terrain_transition_ol_benchmark,sand_to_clay,sand_to_clay,sand,clay,45.0,2.0,transition_ol,sand_to_clay,sand,sinusoidal,5.0,0,720,ok,/home/ksha/Documents/sbel/chrono_hil/chrono-HIL/project/SCM_Final/benchmarking/results/terrain_transition_ol_benchmark_20260606_021737/raw/0020_sand_to_clay_sinusoidal_v5_b0_s720,/home/ksha/Documents/sbel/chrono_hil/chrono-HIL/project/SCM_Final/benchmarking/results/terrain_transition_ol_benchmark_20260606_021737/raw/0020_sand_to_clay_sinusoidal_v5_b0_s720/open_loop_diag.csv,,5.509700908545727,open_loop_command,,1.092520902494331,0.5328986523178808,1.1,0.5,0.0074790975056691,0.0328986523178808,0.2682088483317716,14.398049999999998,3.096,1,"[1.538, 1.621, 1.648, 1.687, 1.769, 2.06, 2.618, 3.29, 4.069, 5.069, 6.138, 7.24, 8.327, 9.376, 10.536, 11.556, 12.77, 13.904, 14.934, 16.039, 17.181, 18.262, 19.44, 20.574, 21.736, 22.875, 23.958, 25.132, 26.158, 27.308, 28.429, 29.497, 30.582, 31.811, 32.916, 34.063, 35.193, 36.295, 37.391, 38.544, 39.65, 40.677, 41.804, 42.85, 44.093, 45.134, 46.305, 47.467, 48.677, 49.77, 51.009, 52.116, 53.338, 54.525, 55.811, 57.211, 58.774, 60.405, 62.116, 63.951, 65.783, 67.687, 69.71, 71.69, 73.786, 76.04, 78.201, 80.614, 82.758, 85.196, 87.532, 89.851, 92.164, 94.453, 96.852, 99.047, 101.418, 103.67, 105.989, 108.368, 110.817, 113.19, 115.681, 117.901, 120.381, 122.605, 124.962, 127.259, 129.635, 131.941]","[0.7, 0.7, 0.7, 0.7, 0.7, 0.7, 0.7, 0.7, 0.7, 0.7, 0.7, 0.7, 0.7, 0.7, 0.7, 0.7, 0.6264, 0.5881, 0.5789, 0.7393, 0.8487, 0.9399, 0.9979, 1.031, 1.0584, 1.0724, 1.0882, 1.1, 1.1, 1.1, 1.1, 1.1, 1.1, 1.1, 1.1, 1.1, 1.1, 1.1, 1.1, 1.0976, 1.0855, 1.0801, 1.0808, 1.0901, 1.0912, 1.0875, 1.0832, 1.0774, 1.0776, 1.0739, 1.0565, 1.0305, 0.9838, 0.9527, 0.9086, 0.8635, 0.7508, 0.6606, 0.5908, 0.5358, 0.5, 0.5, 0.5, 0.5, 0.5, 0.5, 0.5, 0.5, 0.5556, 0.5546, 0.545, 0.5367, 0.5338, 0.533, 0.5319, 0.5283, 0.5253, 0.5294, 0.5383, 0.5456, 0.5467, 0.5424, 0.5419, 0.5455, 0.5496, 0.5486, 0.5442, 0.5392, 0.544, 0.5489]","[1.1, 1.1, 1.1, 1.1, 1.1, 1.1, 1.1, 1.1, 1.1, 1.1, 1.1, 1.1, 1.1, 1.1, 1.1, 1.1, 1.1, 1.1, 1.1, 1.1, 1.1, 1.1, 1.1, 1.1, 1.1, 1.1, 1.1, 1.1, 1.1, 1.1, 1.1, 1.1, 1.1, 1.1, 1.1, 1.1, 1.1, 1.1, 1.1, 1.1, 1.1, 1.1, 1.1, 1.1, 1.0721, 0.7597, 0.5, 0.5, 0.5, 0.5, 0.5, 0.5, 0.5, 0.5, 0.5, 0.5, 0.5, 0.5, 0.5, 0.5, 0.5, 0.5, 0.5, 0.5, 0.5, 0.5, 0.5, 0.5, 0.5, 0.5, 0.5, 0.5, 0.5, 0.5, 0.5, 0.5, 0.5, 0.5, 0.5, 0.5, 0.5, 0.5, 0.5, 0.5, 0.5, 0.5, 0.5, 0.5, 0.5, 0.5]",0.63
terrain_transition_ol_benchmark,sand_to_clay,sand_to_clay,sand,clay,45.0,2.0,transition_ol,sand_to_clay,sand,sinusoidal,5.0,0,721,ok,/home/ksha/Documents/sbel/chrono_hil/chrono-HIL/project/SCM_Final/benchmarking/results/terrain_transition_ol_benchmark_20260606_021737/raw/0021_sand_to_clay_sinusoidal_v5_b0_s721,/home/ksha/Documents/sbel/chrono_hil/chrono-HIL/project/SCM_Final/benchmarking/results/terrain_transition_ol_benchmark_20260606_021737/raw/0021_sand_to_clay_sinusoidal_v5_b0_s721/open_loop_diag.csv,,5.513624005997002,open_loop_command,,1.0939819683257916,0.5373756000000001,1.1,0.5,0.0060180316742084,0.0373756,0.2756061946196251,15.804209999999998,3.312000000000001,1,"[1.54, 1.623, 1.653, 1.683, 1.752, 2.036, 2.576, 3.232, 4.081, 5.067, 6.067, 7.137, 8.254, 9.332, 10.436, 11.496, 12.662, 13.785, 14.797, 15.941, 17.034, 18.261, 19.365, 20.531, 21.585, 22.787, 23.88, 25.058, 26.164, 27.237, 28.293, 29.482, 30.588, 31.674, 32.843, 33.943, 35.103, 36.23, 37.354, 38.41, 39.541, 40.601, 41.661, 42.829, 43.904, 45.042, 46.264, 47.344, 48.537, 49.721, 50.986, 52.081, 53.259, 54.438, 55.678, 57.172, 58.718, 60.435, 62.059, 63.93, 65.784, 67.661, 69.674, 71.791, 73.801, 76.13, 78.311, 80.519, 82.831, 85.241, 87.481, 89.948, 92.086, 94.428, 96.713, 98.967, 101.314, 103.698, 106.072, 108.444, 110.794, 113.226, 115.664, 117.968, 120.429, 122.607, 124.975, 127.191, 129.68, 132.021]","[0.7, 0.7, 0.7, 0.7, 0.7, 0.7, 0.7, 0.7, 0.7, 0.7, 0.7, 0.7, 0.7, 0.7, 0.7, 0.7, 0.6313, 0.5921, 0.5673, 0.7067, 0.8182, 0.9114, 0.9765, 1.0261, 1.0477, 1.0657, 1.0808, 1.0958, 1.0987, 1.1, 1.1, 1.1, 1.1, 1.1, 1.1, 1.1, 1.1, 1.1, 1.1, 1.1, 1.1, 1.1, 1.1, 1.1, 1.1, 1.1, 1.1, 1.1, 1.1, 1.1, 1.0824, 1.0504, 0.9946, 0.9614, 0.9233, 0.8793, 0.8186, 0.7478, 0.6567, 0.6024, 0.5371, 0.5625, 0.5844, 0.5646, 0.5306, 0.5197, 0.5174, 0.5319, 0.556, 0.5499, 0.5388, 0.5318, 0.5262, 0.5246, 0.5222, 0.5178, 0.5162, 0.5198, 0.5263, 0.5328, 0.5343, 0.5329, 0.5364, 0.5416, 0.5492, 0.5501, 0.5482, 0.5495, 0.5669, 0.5728]","[1.1, 1.1, 1.1, 1.1, 1.1, 1.1, 1.1, 1.1, 1.1, 1.1, 1.1, 1.1, 1.1, 1.1, 1.1, 1.1, 1.1, 1.1, 1.1, 1.1, 1.1, 1.1, 1.1, 1.1, 1.1, 1.1, 1.1, 1.1, 1.1, 1.1, 1.1, 1.1, 1.1, 1.1, 1.1, 1.1, 1.1, 1.1, 1.1, 1.1, 1.1, 1.1, 1.1, 1.1, 1.1, 0.7874, 0.5, 0.5, 0.5, 0.5, 0.5, 0.5, 0.5, 0.5, 0.5, 0.5, 0.5, 0.5, 0.5, 0.5, 0.5, 0.5, 0.5, 0.5, 0.5, 0.5, 0.5, 0.5, 0.5, 0.5, 0.5, 0.5, 0.5, 0.5, 0.5, 0.5, 0.5, 0.5, 0.5, 0.5, 0.5, 0.5, 0.5, 0.5, 0.5, 0.5, 0.5, 0.5, 0.5, 0.5]",0.63
terrain_transition_ol_benchmark,sand_to_clay,sand_to_clay,sand,clay,45.0,2.0,transition_ol,sand_to_clay,sand,sinusoidal,5.0,0,724,ok,/home/ksha/Documents/sbel/chrono_hil/chrono-HIL/project/SCM_Final/benchmarking/results/terrain_transition_ol_benchmark_20260606_021737/raw/0024_sand_to_clay_sinusoidal_v5_b0_s724,/home/ksha/Documents/sbel/chrono_hil/chrono-HIL/project/SCM_Final/benchmarking/results/terrain_transition_ol_benchmark_20260606_021737/raw/0024_sand_to_clay_sinusoidal_v5_b0_s724/open_loop_diag.csv,,5.488016869065467,open_loop_command,,1.0966087494356658,0.5055350199335549,1.1,0.5,0.0033912505643343,0.0055350199335548,0.2674016042883486,14.247300000000005,3.072000000000001,1,"[1.51, 1.619, 1.655, 1.69, 1.768, 2.077, 2.588, 3.217, 4.079, 5.058, 6.121, 7.134, 8.233, 9.297, 10.403, 11.522, 12.705, 13.7, 14.812, 15.931, 17.123, 18.262, 19.321, 20.452, 21.553, 22.736, 23.856, 24.987, 26.047, 27.171, 28.225, 29.404, 30.463, 31.665, 32.846, 33.898, 34.966, 36.129, 37.298, 38.317, 39.369, 40.516, 41.688, 42.731, 43.919, 45.032, 46.116, 47.213, 48.445, 49.597, 50.718, 51.965, 53.142, 54.333, 55.57, 57.096, 58.565, 60.267, 61.914, 63.774, 65.597, 67.535, 69.49, 71.46, 73.629, 75.906, 77.973, 80.408, 82.616, 84.964, 87.309, 89.666, 91.957, 94.172, 96.435, 98.685, 101.17, 103.472, 105.915, 108.197, 110.75, 113.025, 115.503, 117.81, 120.208, 122.416, 124.815, 127.142, 129.669, 131.946]","[0.7, 0.7, 0.7, 0.7, 0.7, 0.7, 0.7, 0.7, 0.7, 0.7, 0.7, 0.7, 0.7, 0.7, 0.7, 0.7, 0.6309, 0.5923, 0.5769, 0.7386, 0.8528, 0.9462, 0.999, 1.0406, 1.0613, 1.0781, 1.0969, 1.1, 1.1, 1.1, 1.1, 1.1, 1.1, 1.1, 1.1, 1.1, 1.1, 1.1, 1.1, 1.1, 1.1, 1.1, 1.1, 1.1, 1.1, 1.1, 1.1, 1.1, 1.1, 1.1, 1.0754, 1.0258, 0.9868, 0.9494, 0.8578, 0.8334, 0.7234, 0.6447, 0.5826, 0.5301, 0.5, 0.5, 0.5, 0.5, 0.5, 0.5, 0.5, 0.5, 0.5, 0.5, 0.5, 0.5, 0.5, 0.5, 0.5, 0.5, 0.5, 0.5, 0.5002, 0.5032, 0.5059, 0.5074, 0.5087, 0.5133, 0.5155, 0.5146, 0.5164, 0.5185, 0.5274, 0.5339]","[1.1, 1.1, 1.1, 1.1, 1.1, 1.1, 1.1, 1.1, 1.1, 1.1, 1.1, 1.1, 1.1, 1.1, 1.1, 1.1, 1.1, 1.1, 1.1, 1.1, 1.1, 1.1, 1.1, 1.1, 1.1, 1.1, 1.1, 1.1, 1.1, 1.1, 1.1, 1.1, 1.1, 1.1, 1.1, 1.1, 1.1, 1.1, 1.1, 1.1, 1.1, 1.1, 1.1, 1.1, 1.1, 0.7905, 0.5, 0.5, 0.5, 0.5, 0.5, 0.5, 0.5, 0.5, 0.5, 0.5, 0.5, 0.5, 0.5, 0.5, 0.5, 0.5, 0.5, 0.5, 0.5, 0.5, 0.5, 0.5, 0.5, 0.5, 0.5, 0.5, 0.5, 0.5, 0.5, 0.5, 0.5, 0.5, 0.5, 0.5, 0.5, 0.5, 0.5, 0.5, 0.5, 0.5, 0.5, 0.5, 0.5, 0.5]",0.63
terrain_transition_ol_benchmark,sand_to_dirt,sand_to_dirt,sand,dirt,45.0,2.0,transition_ol,sand_to_dirt,sand,sinusoidal,5.0,0,720,ok,/home/ksha/Documents/sbel/chrono_hil/chrono-HIL/project/SCM_Final/benchmarking/results/terrain_transition_ol_benchmark_20260606_021737/raw/0025_sand_to_dirt_sinusoidal_v5_b0_s720,/home/ksha/Documents/sbel/chrono_hil/chrono-HIL/project/SCM_Final/benchmarking/results/terrain_transition_ol_benchmark_20260606_021737/raw/0025_sand_to_dirt_sinusoidal_v5_b0_s720/open_loop_diag.csv,,5.6005680914542735,open_loop_command,,1.0945672335600904,0.6510028170144462,1.1,0.7,0.0054327664399096,0.0489971829855537,0.232484651762757,10.737070000000005,2.388,1,"[1.575, 1.616, 1.665, 1.69, 1.777, 2.056, 2.549, 3.282, 4.147, 5.06, 6.147, 7.24, 8.336, 9.269, 10.491, 11.608, 12.789, 13.855, 14.946, 16.034, 17.141, 18.304, 19.464, 20.567, 21.684, 22.824, 23.934, 25.172, 26.168, 27.231, 28.352, 29.52, 30.563, 31.746, 32.833, 34.028, 35.179, 36.23, 37.454, 38.564, 39.64, 40.672, 41.834, 42.9, 44.038, 45.191, 46.361, 47.398, 48.647, 49.82, 50.973, 52.19, 53.406, 54.771, 56.186, 57.889, 59.581, 61.417, 63.349, 65.37, 67.274, 69.404, 71.435, 73.563, 75.661, 77.99, 80.244, 82.617, 84.837, 87.288, 89.588, 92.125, 94.334, 96.577, 98.816, 101.184, 103.445, 105.745, 108.158, 110.438, 113.015, 115.372, 117.739, 120.066, 122.435, 124.63, 126.981, 129.217, 131.54, 133.882]","[0.7, 0.7, 0.7, 0.7, 0.7, 0.7, 0.7, 0.7, 0.7, 0.7, 0.7, 0.7, 0.7, 0.7, 0.7, 0.7, 0.6263, 0.5874, 0.5773, 0.74, 0.8436, 0.9328, 0.9894, 1.0329, 1.0495, 1.0644, 1.0827, 1.1, 1.1, 1.1, 1.1, 1.1, 1.1, 1.1, 1.1, 1.1, 1.1, 1.1, 1.1, 1.1, 1.1, 1.1, 1.1, 1.1, 1.1, 1.1, 1.0989, 1.0945, 1.0883, 1.0791, 1.056, 1.0089, 0.9559, 0.8868, 0.7969, 0.7337, 0.6898, 0.6232, 0.5691, 0.5245, 0.5166, 0.5261, 0.551, 0.5393, 0.5167, 0.5094, 0.508, 0.5514, 0.6299, 0.654, 0.6672, 0.6779, 0.6868, 0.6959, 0.6977, 0.6894, 0.6835, 0.6883, 0.6945, 0.6997, 0.6981, 0.6946, 0.6949, 0.6975, 0.6988, 0.6968, 0.6893, 0.6828, 0.6868, 0.6903]","[1.1, 1.1, 1.1, 1.1, 1.1, 1.1, 1.1, 1.1, 1.1, 1.1, 1.1, 1.1, 1.1, 1.1, 1.1, 1.1, 1.1, 1.1, 1.1, 1.1, 1.1, 1.1, 1.1, 1.1, 1.1, 1.1, 1.1, 1.1, 1.1, 1.1, 1.1, 1.1, 1.1, 1.1, 1.1, 1.1, 1.1, 1.1, 1.1, 1.1, 1.1, 1.1, 1.1, 1.1, 1.0924, 0.8618, 0.7, 0.7, 0.7, 0.7, 0.7, 0.7, 0.7, 0.7, 0.7, 0.7, 0.7, 0.7, 0.7, 0.7, 0.7, 0.7, 0.7, 0.7, 0.7, 0.7, 0.7, 0.7, 0.7, 0.7, 0.7, 0.7, 0.7, 0.7, 0.7, 0.7, 0.7, 0.7, 0.7, 0.7, 0.7, 0.7, 0.7, 0.7, 0.7, 0.7, 0.7, 0.7, 0.7, 0.7]",0.63
terrain_transition_ol_benchmark,sand_to_dirt,sand_to_dirt,sand,dirt,45.0,2.0,transition_ol,sand_to_dirt,sand,sinusoidal,5.0,0,721,ok,/home/ksha/Documents/sbel/chrono_hil/chrono-HIL/project/SCM_Final/benchmarking/results/terrain_transition_ol_benchmark_20260606_021737/raw/0026_sand_to_dirt_sinusoidal_v5_b0_s721,/home/ksha/Documents/sbel/chrono_hil/chrono-HIL/project/SCM_Final/benchmarking/results/terrain_transition_ol_benchmark_20260606_021737/raw/0026_sand_to_dirt_sinusoidal_v5_b0_s721/open_loop_diag.csv,,5.61306195802099,open_loop_command,,1.0927378873873872,0.6800270496,1.1,0.7,0.0072621126126128,0.0199729503999999,0.2313404540117656,10.15905,2.256,1,"[1.475, 1.612, 1.636, 1.694, 1.784, 2.059, 2.609, 3.253, 4.077, 5.045, 6.118, 7.106, 8.218, 9.316, 10.416, 11.552, 12.657, 13.823, 14.837, 15.964, 17.08, 18.211, 19.289, 20.529, 21.62, 22.743, 23.916, 24.955, 26.111, 27.223, 28.26, 29.409, 30.552, 31.666, 32.774, 33.934, 35.033, 36.183, 37.347, 38.498, 39.506, 40.576, 41.638, 42.82, 43.971, 45.075, 46.179, 47.321, 48.57, 49.707, 50.906, 51.97, 53.344, 54.65, 56.235, 57.938, 59.668, 61.509, 63.408, 65.487, 67.412, 69.612, 71.663, 73.727, 75.929, 78.259, 80.493, 82.846, 85.122, 87.648, 89.883, 92.352, 94.579, 96.756, 99.129, 101.307, 103.665, 106.027, 108.435, 110.68, 113.212, 115.564, 117.973, 120.245, 122.681, 124.819, 127.249, 129.386, 131.777, 134.144]","[0.7, 0.7, 0.7, 0.7, 0.7, 0.7, 0.7, 0.7, 0.7, 0.7, 0.7, 0.7, 0.7, 0.7, 0.7, 0.7, 0.6295, 0.589, 0.566, 0.6348, 0.8166, 0.9104, 0.9746, 1.0098, 1.0436, 1.0613, 1.0776, 1.0893, 1.0954, 1.0968, 1.0995, 1.1, 1.1, 1.1, 1.1, 1.1, 1.1, 1.1, 1.1, 1.1, 1.1, 1.1, 1.1, 1.1, 1.1, 1.1, 1.1, 1.1, 1.1, 1.1, 1.0821, 1.0462, 0.958, 0.88, 0.7822, 0.7345, 0.6645, 0.6118, 0.5733, 0.5444, 0.5287, 0.5653, 0.6076, 0.6324, 0.626, 0.6247, 0.6433, 0.6664, 0.7013, 0.7075, 0.7094, 0.711, 0.7145, 0.7173, 0.7127, 0.7053, 0.6976, 0.6952, 0.6945, 0.694, 0.6834, 0.6745, 0.6791, 0.6837, 0.687, 0.6839, 0.6696, 0.6709, 0.681, 0.6866]","[1.1, 1.1, 1.1, 1.1, 1.1, 1.1, 1.1, 1.1, 1.1, 1.1, 1.1, 1.1, 1.1, 1.1, 1.1, 1.1, 1.1, 1.1, 1.1, 1.1, 1.1, 1.1, 1.1, 1.1, 1.1, 1.1, 1.1, 1.1, 1.1, 1.1, 1.1, 1.1, 1.1, 1.1, 1.1, 1.1, 1.1, 1.1, 1.1, 1.1, 1.1, 1.1, 1.1, 1.1, 1.1, 0.885, 0.7, 0.7, 0.7, 0.7, 0.7, 0.7, 0.7, 0.7, 0.7, 0.7, 0.7, 0.7, 0.7, 0.7, 0.7, 0.7, 0.7, 0.7, 0.7, 0.7, 0.7, 0.7, 0.7, 0.7, 0.7, 0.7, 0.7, 0.7, 0.7, 0.7, 0.7, 0.7, 0.7, 0.7, 0.7, 0.7, 0.7, 0.7, 0.7, 0.7, 0.7, 0.7, 0.7, 0.7]",0.63
terrain_transition_ol_benchmark,sand_to_dirt,sand_to_dirt,sand,dirt,45.0,2.0,transition_ol,sand_to_dirt,sand,sinusoidal,5.0,0,722,ok,/home/ksha/Documents/sbel/chrono_hil/chrono-HIL/project/SCM_Final/benchmarking/results/terrain_transition_ol_benchmark_20260606_021737/raw/0027_sand_to_dirt_sinusoidal_v5_b0_s722,/home/ksha/Documents/sbel/chrono_hil/chrono-HIL/project/SCM_Final/benchmarking/results/terrain_transition_ol_benchmark_20260606_021737/raw/0027_sand_to_dirt_sinusoidal_v5_b0_s722/open_loop_diag.csv,,5.59545484057971,open_loop_command,,1.0918093460674156,0.6848017133655394,1.1,0.7,0.0081906539325844,0.0151982866344605,0.2296398210450296,10.745800000000004,2.3759999999999994,1,"[1.561, 1.63, 1.656, 1.694, 1.76, 2.033, 2.602, 3.257, 4.055, 5.043, 6.044, 7.115, 8.235, 9.272, 10.48, 11.541, 12.699, 13.832, 14.846, 15.986, 17.088, 18.301, 19.382, 20.517, 21.625, 22.868, 23.926, 25.056, 26.141, 27.2, 28.267, 29.4, 30.478, 31.726, 32.805, 33.997, 35.031, 36.263, 37.335, 38.446, 39.561, 40.633, 41.689, 42.872, 44.019, 45.073, 46.256, 47.375, 48.539, 49.7, 50.913, 52.039, 53.288, 54.644, 56.106, 57.756, 59.46, 61.371, 63.165, 65.143, 67.098, 69.191, 71.261, 73.386, 75.507, 77.87, 79.927, 82.38, 84.735, 87.158, 89.536, 91.843, 94.137, 96.372, 98.593, 100.926, 103.111, 105.474, 107.946, 110.339, 112.82, 115.053, 117.524, 119.791, 122.12, 124.451, 126.697, 128.87, 131.348, 133.704]","[0.7, 0.7, 0.7, 0.7, 0.7, 0.7, 0.7, 0.7, 0.7, 0.7, 0.7, 0.7, 0.7, 0.7, 0.7, 0.7, 0.6287, 0.5879, 0.572, 0.6744, 0.8288, 0.9181, 0.9775, 1.0211, 1.0414, 1.0592, 1.0774, 1.091, 1.0935, 1.0915, 1.0928, 1.1, 1.1, 1.1, 1.1, 1.0996, 1.1, 1.1, 1.1, 1.1, 1.099, 1.0989, 1.1, 1.1, 1.1, 1.1, 1.1, 1.1, 1.1, 1.0976, 1.0706, 1.0319, 0.9636, 0.8981, 0.8073, 0.7423, 0.6702, 0.6102, 0.5676, 0.5363, 0.5421, 0.5725, 0.6209, 0.6482, 0.6684, 0.6775, 0.6871, 0.6981, 0.7237, 0.7237, 0.7257, 0.724, 0.7241, 0.7193, 0.7084, 0.7008, 0.6959, 0.6934, 0.6938, 0.6926, 0.6682, 0.6737, 0.6813, 0.6863, 0.6789, 0.6458, 0.6243, 0.6418, 0.6668, 0.6751]","[1.1, 1.1, 1.1, 1.1, 1.1, 1.1, 1.1, 1.1, 1.1, 1.1, 1.1, 1.1, 1.1, 1.1, 1.1, 1.1, 1.1, 1.1, 1.1, 1.1, 1.1, 1.1, 1.1, 1.1, 1.1, 1.1, 1.1, 1.1, 1.1, 1.1, 1.1, 1.1, 1.1, 1.1, 1.1, 1.1, 1.1, 1.1, 1.1, 1.1, 1.1, 1.1, 1.1, 1.1, 1.0962, 0.8854, 0.7, 0.7, 0.7, 0.7, 0.7, 0.7, 0.7, 0.7, 0.7, 0.7, 0.7, 0.7, 0.7, 0.7, 0.7, 0.7, 0.7, 0.7, 0.7, 0.7, 0.7, 0.7, 0.7, 0.7, 0.7, 0.7, 0.7, 0.7, 0.7, 0.7, 0.7, 0.7, 0.7, 0.7, 0.7, 0.7, 0.7, 0.7, 0.7, 0.7, 0.7, 0.7, 0.7, 0.7]",0.63
terrain_transition_ol_benchmark,sand_to_dirt,sand_to_dirt,sand,dirt,45.0,2.0,transition_ol,sand_to_dirt,sand,sinusoidal,5.0,0,723,ok,/home/ksha/Documents/sbel/chrono_hil/chrono-HIL/project/SCM_Final/benchmarking/results/terrain_transition_ol_benchmark_20260606_021737/raw/0028_sand_to_dirt_sinusoidal_v5_b0_s723,/home/ksha/Documents/sbel/chrono_hil/chrono-HIL/project/SCM_Final/benchmarking/results/terrain_transition_ol_benchmark_20260606_021737/raw/0028_sand_to_dirt_sinusoidal_v5_b0_s723/open_loop_diag.csv,,5.533299890054972,open_loop_command,,1.0959814672686228,0.665950577996716,1.1,0.7,0.0040185327313773,0.0340494220032839,0.234130225451553,9.25445,2.112,1,"[1.518, 1.624, 1.654, 1.688, 1.77, 2.023, 2.581, 3.245, 4.115, 5.077, 6.118, 7.122, 8.219, 9.334, 10.431, 11.545, 12.689, 13.801, 14.856, 15.998, 17.079, 18.273, 19.38, 20.554, 21.677, 22.789, 23.866, 25.104, 26.132, 27.248, 28.291, 29.444, 30.558, 31.666, 32.869, 33.891, 35.064, 36.278, 37.354, 38.414, 39.524, 40.547, 41.713, 42.777, 43.98, 45.035, 46.264, 47.325, 48.569, 49.634, 50.849, 52.014, 53.291, 54.347, 55.79, 57.303, 58.885, 60.654, 62.37, 64.28, 66.173, 68.248, 70.165, 72.225, 74.34, 76.603, 78.827, 81.22, 83.57, 85.848, 88.265, 90.626, 92.947, 95.015, 97.465, 99.612, 102.005, 104.376, 106.747, 109.121, 111.605, 113.934, 116.312, 118.681, 120.962, 123.163, 125.55, 127.859, 130.205, 132.518]","[0.7, 0.7, 0.7, 0.7, 0.7, 0.7, 0.7, 0.7, 0.7, 0.7, 0.7, 0.7, 0.7, 0.7, 0.7, 0.7, 0.6271, 0.585, 0.5665, 0.719, 0.8354, 0.9346, 0.9903, 1.0346, 1.0566, 1.0751, 1.0941, 1.1, 1.1, 1.1, 1.1, 1.1, 1.1, 1.1, 1.1, 1.1, 1.1, 1.1, 1.1, 1.1, 1.1, 1.1, 1.1, 1.1, 1.1, 1.1, 1.1, 1.1, 1.1, 1.1, 1.0734, 1.0151, 0.8859, 0.8147, 0.6859, 0.6054, 0.5434, 0.5127, 0.5, 0.5, 0.5, 0.5102, 0.5423, 0.5334, 0.5216, 0.5206, 0.547, 0.5853, 0.6338, 0.6571, 0.675, 0.6886, 0.7062, 0.7095, 0.7049, 0.7035, 0.7041, 0.7087, 0.714, 0.7111, 0.7035, 0.7058, 0.71, 0.711, 0.7054, 0.6992, 0.6974, 0.7006, 0.704, 0.704]","[1.1, 1.1, 1.1, 1.1, 1.1, 1.1, 1.1, 1.1, 1.1, 1.1, 1.1, 1.1, 1.1, 1.1, 1.1, 1.1, 1.1, 1.1, 1.1, 1.1, 1.1, 1.1, 1.1, 1.1, 1.1, 1.1, 1.1, 1.1, 1.1, 1.1, 1.1, 1.1, 1.1, 1.1, 1.1, 1.1, 1.1, 1.1, 1.1, 1.1, 1.1, 1.1, 1.1, 1.1, 1.1, 0.893, 0.7, 0.7, 0.7, 0.7, 0.7, 0.7, 0.7, 0.7, 0.7, 0.7, 0.7, 0.7, 0.7, 0.7, 0.7, 0.7, 0.7, 0.7, 0.7, 0.7, 0.7, 0.7, 0.7, 0.7, 0.7, 0.7, 0.7, 0.7, 0.7, 0.7, 0.7, 0.7, 0.7, 0.7, 0.7, 0.7, 0.7, 0.7, 0.7, 0.7, 0.7, 0.7, 0.7, 0.7]",0.63
terrain_transition_ol_benchmark,sand_to_dirt,sand_to_dirt,sand,dirt,45.0,2.0,transition_ol,sand_to_dirt,sand,sinusoidal,5.0,0,724,ok,/home/ksha/Documents/sbel/chrono_hil/chrono-HIL/project/SCM_Final/benchmarking/results/terrain_transition_ol_benchmark_20260606_021737/raw/0029_sand_to_dirt_sinusoidal_v5_b0_s724,/home/ksha/Documents/sbel/chrono_hil/chrono-HIL/project/SCM_Final/benchmarking/results/terrain_transition_ol_benchmark_20260606_021737/raw/0029_sand_to_dirt_sinusoidal_v5_b0_s724/open_loop_diag.csv,,5.529121611194404,open_loop_command,,1.088811067873303,0.636977055737705,1.1,0.7,0.0111889321266971,0.0630229442622949,0.2370866995605463,9.71121,2.232000000000001,1,"[1.531, 1.61, 1.644, 1.698, 1.76, 2.064, 2.563, 3.233, 4.081, 4.974, 6.073, 7.098, 8.186, 9.317, 10.435, 11.522, 12.688, 13.771, 14.851, 15.948, 17.055, 18.27, 19.345, 20.492, 21.622, 22.696, 23.816, 25.013, 26.022, 27.198, 28.227, 29.279, 30.45, 31.675, 32.762, 33.834, 35.001, 36.177, 37.226, 38.38, 39.492, 40.493, 41.569, 42.82, 43.923, 44.995, 46.091, 47.337, 48.552, 49.617, 50.807, 51.906, 53.173, 54.335, 55.702, 57.375, 58.822, 60.605, 62.402, 64.323, 66.24, 68.242, 70.203, 72.282, 74.33, 76.682, 78.873, 81.3, 83.68, 85.909, 88.327, 90.616, 92.909, 95.148, 97.457, 99.632, 102.083, 104.434, 106.82, 109.121, 111.605, 114.019, 116.392, 118.68, 121.042, 123.292, 125.653, 127.966, 130.387, 132.674]","[0.7, 0.7, 0.7, 0.7, 0.7, 0.7, 0.7, 0.7, 0.7, 0.7, 0.7, 0.7, 0.7, 0.7, 0.7, 0.7, 0.6282, 0.5863, 0.5698, 0.7155, 0.8279, 0.9121, 0.9585, 0.9998, 1.012, 1.0406, 1.0623, 1.0828, 1.0856, 1.0897, 1.0963, 1.1, 1.1, 1.1, 1.1, 1.1, 1.1, 1.1, 1.1, 1.1, 1.1, 1.1, 1.1, 1.1, 1.1, 1.1, 1.1, 1.1, 1.1, 1.0882, 1.0571, 1.0204, 0.9645, 0.9017, 0.7468, 0.6546, 0.5788, 0.5384, 0.5074, 0.5, 0.5, 0.5074, 0.5221, 0.512, 0.5042, 0.5028, 0.5131, 0.5521, 0.6048, 0.6398, 0.662, 0.6774, 0.6934, 0.6961, 0.6863, 0.688, 0.6893, 0.6947, 0.6961, 0.6773, 0.6585, 0.6665, 0.6755, 0.6826, 0.6567, 0.6296, 0.6307, 0.6473, 0.6694, 0.6698]","[1.1, 1.1, 1.1, 1.1, 1.1, 1.1, 1.1, 1.1, 1.1, 1.1, 1.1, 1.1, 1.1, 1.1, 1.1, 1.1, 1.1, 1.1, 1.1, 1.1, 1.1, 1.1, 1.1, 1.1, 1.1, 1.1, 1.1, 1.1, 1.1, 1.1, 1.1, 1.1, 1.1, 1.1, 1.1, 1.1, 1.1, 1.1, 1.1, 1.1, 1.1, 1.1, 1.1, 1.1, 1.1, 0.9011, 0.7, 0.7, 0.7, 0.7, 0.7, 0.7, 0.7, 0.7, 0.7, 0.7, 0.7, 0.7, 0.7, 0.7, 0.7, 0.7, 0.7, 0.7, 0.7, 0.7, 0.7, 0.7, 0.7, 0.7, 0.7, 0.7, 0.7, 0.7, 0.7, 0.7, 0.7, 0.7, 0.7, 0.7, 0.7, 0.7, 0.7, 0.7, 0.7, 0.7, 0.7, 0.7, 0.7, 0.7]",0.63
