experiment,variant,controller_mode,mpc_model,nn_model,terrain,path,speed_mps,bumpiness,seed,run_dir,status,rc,wall_s,sim_s,rt_factor,diag_csv,collision_csv,shield_csv,n_samples,rms_cte_m,max_abs_cte_m,mean_abs_cte_m,mean_speed_mps,p95_speed_mps,speed_ratio,mean_solve_ms,p99_solve_ms,progress_m,final_x_m,final_y_m,collisions,near_misses,min_clearance_m,intervention_rate_pct,mean_abs_dsteer,mean_abs_dthrottle,notes,transition,start_preset,end_preset,transition_x,transition_width,distribution,case_label,n_est_pre,n_est_post,n_true_start,n_true_end,pre_abs_err,post_abs_err,track_rmse,response_dist_m,response_time_s,crossed_transition,trace_x_json,trace_nhat_json,trace_ntrue_json,response_frac
terrain_transition_benchmark,clay_to_sand,standard,nn,vehicle_rate_64_32_lhs,clay,sinusoidal,5.0,0,720,/home/ksha/Documents/sbel/SCM_Final_repo/benchmarking/results/terrain_transition_benchmark_20260704_054310/raw/0000_clay_to_sand_sinusoidal_v5_b0_s720,ok,0,68.48230767250061,24.0,1.0,/home/ksha/Documents/sbel/SCM_Final_repo/benchmarking/results/terrain_transition_benchmark_20260704_054310/raw/0000_clay_to_sand_sinusoidal_v5_b0_s720/20260704_054354_268312_clay_sinusoidal_acados_rate_mlp/diag_clay_sinusoidal_acados_rate_mlp.csv,,,1992,0.0492590075278563,0.186249,0.0363295116279069,4.201454088522131,4.56826,0.8402908177044262,6.95612951807229,8.14,80.75093918674565,79.157179,0.338058,0,0,,,,,,clay_to_sand,clay,sand,45.0,2.0,transition,clay_to_sand,0.7055782879818594,1.0849767336956524,0.5,1.1,0.2055782879818594,0.0150232663043476,0.2210884631850521,17.867278,4.308000000000002,1,"[1.635, 1.643, 1.648, 1.648, 1.652, 1.66, 1.738, 1.961, 2.299, 2.738, 3.285, 3.872, 4.461, 4.97, 5.325, 5.543, 5.651, 5.731, 5.838, 6.063, 6.433, 6.959, 7.57, 8.316, 9.129, 10.031, 11.034, 11.979, 12.877, 13.76, 14.564, 15.356, 16.223, 17.125, 18.135, 19.141, 20.163, 21.249, 22.317, 23.399, 24.532, 25.607, 26.713, 27.756, 28.793, 29.89, 30.961, 32.041, 33.164, 34.237, 35.369, 36.469, 37.592, 38.799, 39.981, 41.182, 42.447, 43.654, 44.904, 46.069, 47.181, 48.297, 49.335, 50.36, 51.444, 52.503, 53.592, 54.757, 55.893, 57.09, 58.234, 59.364, 60.526, 61.614, 62.677, 63.764, 64.797, 65.879, 66.927, 67.994, 69.137, 70.255, 71.393, 72.587, 73.72, 74.887, 75.981, 77.046, 78.136, 79.157]","[0.7, 0.7, 0.7, 0.7, 0.7, 0.7, 0.7, 0.7, 0.691, 0.6922, 0.6901, 0.6933, 0.6952, 0.694, 0.6945, 0.5874, 0.5874, 0.5874, 0.5874, 0.5541, 0.5164, 0.5235, 0.5242, 0.5203, 0.5191, 0.515, 0.5157, 0.5207, 0.5173, 0.5272, 0.5371, 0.5362, 0.5427, 0.5426, 0.6317, 0.6976, 0.7519, 0.7963, 0.7914, 0.7816, 0.7683, 0.756, 0.6922, 0.6589, 0.6507, 0.5857, 0.6712, 0.6979, 0.7169, 0.748, 0.7266, 0.7128, 0.7079, 0.7007, 0.6863, 0.6526, 0.6308, 0.5714, 0.5462, 0.5474, 0.5758, 0.5577, 0.5714, 0.545, 0.5846, 0.6425, 0.6964, 0.7542, 0.7843, 0.8099, 0.8344, 0.857, 0.8903, 0.9143, 0.9416, 0.9721, 1.0133, 1.0379, 1.0552, 1.0686, 1.0795, 1.0836, 1.086, 1.0877, 1.0891, 1.0867, 1.0849, 1.0834, 1.0797, 1.0808]","[0.5, 0.5, 0.5, 0.5, 0.5, 0.5, 0.5, 0.5, 0.5, 0.5, 0.5, 0.5, 0.5, 0.5, 0.5, 0.5, 0.5, 0.5, 0.5, 0.5, 0.5, 0.5, 0.5, 0.5, 0.5, 0.5, 0.5, 0.5, 0.5, 0.5, 0.5, 0.5, 0.5, 0.5, 0.5, 0.5, 0.5, 0.5, 0.5, 0.5, 0.5, 0.5, 0.5, 0.5, 0.5, 0.5, 0.5, 0.5, 0.5, 0.5, 0.5, 0.5, 0.5, 0.5, 0.5, 0.5, 0.5, 0.5, 0.7711, 1.1, 1.1, 1.1, 1.1, 1.1, 1.1, 1.1, 1.1, 1.1, 1.1, 1.1, 1.1, 1.1, 1.1, 1.1, 1.1, 1.1, 1.1, 1.1, 1.1, 1.1, 1.1, 1.1, 1.1, 1.1, 1.1, 1.1, 1.1, 1.1, 1.1, 1.1]",0.63
terrain_transition_benchmark,clay_to_sand,standard,nn,vehicle_rate_64_32_lhs,clay,sinusoidal,5.0,0,723,/home/ksha/Documents/sbel/SCM_Final_repo/benchmarking/results/terrain_transition_benchmark_20260704_054310/raw/0003_clay_to_sand_sinusoidal_v5_b0_s723,ok,0,27.40005350112915,24.0,1.0,/home/ksha/Documents/sbel/SCM_Final_repo/benchmarking/results/terrain_transition_benchmark_20260704_054310/raw/0003_clay_to_sand_sinusoidal_v5_b0_s723/20260704_054421_037507_clay_sinusoidal_acados_rate_mlp/diag_clay_sinusoidal_acados_rate_mlp.csv,,,1660,0.0680597731524926,0.261743,0.0477467231057062,4.220645088868101,4.56226,0.8441290177736201,11.193560240963857,12.658200000000004,82.26601630736253,80.512711,-0.246551,0,0,,,,,,clay_to_sand,clay,sand,45.0,2.0,transition,clay_to_sand,0.7446298792134831,1.087943188235294,0.5,1.1,0.2446298792134831,0.0120568117647059,0.2329463414377519,19.527157000000003,4.74,1,"[1.642, 1.648, 1.648, 1.649, 1.653, 1.696, 1.832, 2.066, 2.43, 2.864, 3.315, 3.864, 4.422, 4.829, 5.149, 5.341, 5.41, 5.446, 5.473, 5.553, 5.746, 6.107, 6.624, 7.256, 7.992, 8.834, 9.822, 10.798, 11.864, 12.839, 13.787, 14.715, 15.544, 16.405, 17.381, 18.296, 19.384, 20.448, 21.487, 22.599, 23.728, 24.85, 26.054, 27.196, 28.235, 29.333, 30.36, 31.496, 32.63, 33.704, 34.872, 36.009, 37.226, 38.524, 39.751, 40.945, 42.206, 43.522, 44.773, 45.994, 47.145, 48.244, 49.274, 50.391, 51.566, 52.772, 53.967, 55.243, 56.539, 57.631, 58.819, 59.941, 61.141, 62.26, 63.357, 64.48, 65.513, 66.555, 67.762, 68.999, 70.116, 71.301, 72.496, 73.684, 74.851, 75.992, 77.102, 78.233, 79.351, 80.513]","[0.7, 0.7, 0.7, 0.7, 0.7, 0.7, 0.7, 0.6972, 0.6929, 0.6912, 0.6883, 0.6907, 0.6984, 0.6947, 0.6953, 0.6881, 0.6881, 0.6881, 0.6881, 0.6881, 0.6137, 0.5143, 0.5218, 0.5183, 0.5148, 0.5027, 0.5003, 0.5, 0.5, 0.5006, 0.5185, 0.5226, 0.5368, 0.5652, 0.5525, 0.5599, 0.621, 0.6885, 0.7085, 0.7186, 0.7248, 0.7261, 0.7211, 0.7087, 0.7218, 0.7415, 0.7529, 0.7638, 0.7949, 0.8273, 0.842, 0.829, 0.7941, 0.7742, 0.729, 0.6752, 0.6367, 0.5738, 0.5403, 0.5622, 0.5637, 0.5634, 0.5759, 0.5646, 0.5657, 0.6134, 0.6741, 0.7208, 0.7428, 0.7829, 0.8168, 0.8481, 0.8774, 0.9093, 0.9471, 0.9662, 1.0019, 1.0317, 1.0549, 1.0714, 1.0826, 1.0895, 1.0916, 1.0908, 1.0884, 1.0854, 1.0844, 1.0863, 1.0902, 1.0944]","[0.5, 0.5, 0.5, 0.5, 0.5, 0.5, 0.5, 0.5, 0.5, 0.5, 0.5, 0.5, 0.5, 0.5, 0.5, 0.5, 0.5, 0.5, 0.5, 0.5, 0.5, 0.5, 0.5, 0.5, 0.5, 0.5, 0.5, 0.5, 0.5, 0.5, 0.5, 0.5, 0.5, 0.5, 0.5, 0.5, 0.5, 0.5, 0.5, 0.5, 0.5, 0.5, 0.5, 0.5, 0.5, 0.5, 0.5, 0.5, 0.5, 0.5, 0.5, 0.5, 0.5, 0.5, 0.5, 0.5, 0.5, 0.5, 0.7318, 1.0982, 1.1, 1.1, 1.1, 1.1, 1.1, 1.1, 1.1, 1.1, 1.1, 1.1, 1.1, 1.1, 1.1, 1.1, 1.1, 1.1, 1.1, 1.1, 1.1, 1.1, 1.1, 1.1, 1.1, 1.1, 1.1, 1.1, 1.1, 1.1, 1.1, 1.1]",0.63
terrain_transition_benchmark,clay_to_sand,standard,nn,vehicle_rate_64_32_lhs,clay,sinusoidal,5.0,0,724,/home/ksha/Documents/sbel/SCM_Final_repo/benchmarking/results/terrain_transition_benchmark_20260704_054310/raw/0004_clay_to_sand_sinusoidal_v5_b0_s724,ok,0,27.45029044151306,24.0,1.0,/home/ksha/Documents/sbel/SCM_Final_repo/benchmarking/results/terrain_transition_benchmark_20260704_054310/raw/0004_clay_to_sand_sinusoidal_v5_b0_s724/20260704_054420_983134_clay_sinusoidal_acados_rate_mlp/diag_clay_sinusoidal_acados_rate_mlp.csv,,,1659,0.0704147665723556,0.271213,0.0493146139705882,4.197137040441176,4.567054999999999,0.8394274080882352,11.26337552742616,12.876800000000005,82.02347567447573,80.303145,-0.154124,0,0,,,,,,clay_to_sand,clay,sand,45.0,2.0,transition,clay_to_sand,0.6716286839237057,1.0867983076923078,0.5,1.1,0.1716286839237056,0.0132016923076923,0.2222383130849512,18.484236000000003,4.475999999999999,1,"[1.638, 1.643, 1.648, 1.648, 1.652, 1.693, 1.852, 2.128, 2.551, 3.032, 3.587, 4.25, 4.822, 5.265, 5.545, 5.678, 5.767, 5.84, 5.954, 6.219, 6.65, 7.161, 7.821, 8.514, 9.378, 10.387, 11.361, 12.36, 13.296, 14.16, 15.039, 15.831, 16.629, 17.506, 18.449, 19.48, 20.547, 21.547, 22.611, 23.727, 24.837, 25.97, 26.99, 28.04, 29.092, 30.078, 31.137, 32.251, 33.267, 34.38, 35.46, 36.662, 37.947, 39.107, 40.347, 41.55, 42.758, 44.07, 45.259, 46.458, 47.587, 48.582, 49.648, 50.757, 51.846, 53.062, 54.368, 55.548, 56.686, 57.775, 58.961, 60.13, 61.227, 62.343, 63.484, 64.516, 65.543, 66.584, 67.789, 68.926, 70.043, 71.227, 72.42, 73.557, 74.725, 75.772, 76.937, 78.027, 79.144, 80.303]","[0.7, 0.7, 0.7, 0.7, 0.7, 0.7, 0.7, 0.6919, 0.6895, 0.6871, 0.6838, 0.6863, 0.6936, 0.6921, 0.5794, 0.5615, 0.5615, 0.5615, 0.5615, 0.5473, 0.5282, 0.5255, 0.5225, 0.5214, 0.5196, 0.5099, 0.503, 0.5027, 0.509, 0.5211, 0.5255, 0.5308, 0.5488, 0.5501, 0.551, 0.5867, 0.6444, 0.6664, 0.6754, 0.694, 0.7011, 0.6777, 0.6075, 0.5961, 0.584, 0.5632, 0.6117, 0.6773, 0.715, 0.7406, 0.7258, 0.7, 0.7098, 0.7238, 0.7089, 0.6815, 0.637, 0.5892, 0.5739, 0.5792, 0.5712, 0.5681, 0.5777, 0.5593, 0.5567, 0.5805, 0.627, 0.6401, 0.679, 0.7101, 0.7712, 0.824, 0.8666, 0.9058, 0.9475, 0.9686, 1.0055, 1.0329, 1.054, 1.0702, 1.0798, 1.0863, 1.0889, 1.0928, 1.0895, 1.0869, 1.0849, 1.0839, 1.0863, 1.0881]","[0.5, 0.5, 0.5, 0.5, 0.5, 0.5, 0.5, 0.5, 0.5, 0.5, 0.5, 0.5, 0.5, 0.5, 0.5, 0.5, 0.5, 0.5, 0.5, 0.5, 0.5, 0.5, 0.5, 0.5, 0.5, 0.5, 0.5, 0.5, 0.5, 0.5, 0.5, 0.5, 0.5, 0.5, 0.5, 0.5, 0.5, 0.5, 0.5, 0.5, 0.5, 0.5, 0.5, 0.5, 0.5, 0.5, 0.5, 0.5, 0.5, 0.5, 0.5, 0.5, 0.5, 0.5, 0.5, 0.5, 0.5, 0.5211, 0.8776, 1.1, 1.1, 1.1, 1.1, 1.1, 1.1, 1.1, 1.1, 1.1, 1.1, 1.1, 1.1, 1.1, 1.1, 1.1, 1.1, 1.1, 1.1, 1.1, 1.1, 1.1, 1.1, 1.1, 1.1, 1.1, 1.1, 1.1, 1.1, 1.1, 1.1, 1.1]",0.63
terrain_transition_benchmark,clay_to_sand,standard,nn,vehicle_rate_64_32_lhs,clay,sinusoidal,5.0,0,722,/home/ksha/Documents/sbel/SCM_Final_repo/benchmarking/results/terrain_transition_benchmark_20260704_054310/raw/0002_clay_to_sand_sinusoidal_v5_b0_s722,ok,0,27.454338550567627,24.0,1.0,/home/ksha/Documents/sbel/SCM_Final_repo/benchmarking/results/terrain_transition_benchmark_20260704_054310/raw/0002_clay_to_sand_sinusoidal_v5_b0_s722/20260704_054421_125656_clay_sinusoidal_acados_rate_mlp/diag_clay_sinusoidal_acados_rate_mlp.csv,,,1693,0.0668884665488734,0.242485,0.0479238083560399,4.232282379654859,4.5709,0.8464564759309718,11.006887182516245,12.402399999999998,81.99805903679666,80.290711,-0.140316,0,0,,,,,,clay_to_sand,clay,sand,45.0,2.0,transition,clay_to_sand,0.6890391046831956,1.0870228588235291,0.5,1.1,0.1890391046831956,0.0129771411764707,0.2197679137107932,18.378773,4.427999999999999,1,"[1.642, 1.648, 1.648, 1.649, 1.654, 1.739, 1.933, 2.234, 2.651, 3.103, 3.636, 4.216, 4.683, 5.055, 5.275, 5.356, 5.378, 5.385, 5.417, 5.585, 5.911, 6.374, 6.944, 7.641, 8.435, 9.288, 10.259, 11.285, 12.186, 13.105, 14.001, 14.801, 15.59, 16.488, 17.423, 18.454, 19.516, 20.549, 21.597, 22.671, 23.808, 25.05, 26.186, 27.312, 28.428, 29.549, 30.635, 31.723, 32.804, 33.925, 35.052, 36.248, 37.416, 38.668, 39.9, 41.099, 42.364, 43.627, 44.877, 46.094, 47.245, 48.25, 49.327, 50.447, 51.628, 52.79, 54.033, 55.261, 56.455, 57.548, 58.737, 59.91, 61.012, 62.185, 63.284, 64.369, 65.353, 66.486, 67.636, 68.767, 69.929, 71.061, 72.251, 73.439, 74.611, 75.756, 76.875, 77.965, 79.129, 80.291]","[0.7, 0.7, 0.7, 0.7, 0.7, 0.7, 0.7, 0.6884, 0.6884, 0.6863, 0.69, 0.697, 0.6946, 0.6924, 0.6933, 0.6883, 0.6883, 0.6883, 0.6883, 0.6883, 0.5279, 0.5186, 0.5231, 0.5168, 0.5051, 0.5006, 0.5002, 0.5, 0.5058, 0.5211, 0.5315, 0.5425, 0.5477, 0.5409, 0.5292, 0.5408, 0.6049, 0.6336, 0.656, 0.6927, 0.7099, 0.7098, 0.6929, 0.6824, 0.6742, 0.688, 0.6943, 0.7166, 0.7308, 0.7463, 0.7457, 0.7496, 0.7011, 0.6877, 0.652, 0.6198, 0.5624, 0.5733, 0.5451, 0.5522, 0.573, 0.5748, 0.5732, 0.5451, 0.574, 0.6079, 0.6706, 0.7172, 0.756, 0.7889, 0.8195, 0.8489, 0.8783, 0.8936, 0.9287, 0.9692, 1.0075, 1.0365, 1.057, 1.0708, 1.0788, 1.083, 1.0853, 1.0861, 1.0869, 1.0862, 1.0876, 1.0891, 1.0915, 1.0962]","[0.5, 0.5, 0.5, 0.5, 0.5, 0.5, 0.5, 0.5, 0.5, 0.5, 0.5, 0.5, 0.5, 0.5, 0.5, 0.5, 0.5, 0.5, 0.5, 0.5, 0.5, 0.5, 0.5, 0.5, 0.5, 0.5, 0.5, 0.5, 0.5, 0.5, 0.5, 0.5, 0.5, 0.5, 0.5, 0.5, 0.5, 0.5, 0.5, 0.5, 0.5, 0.5, 0.5, 0.5, 0.5, 0.5, 0.5, 0.5, 0.5, 0.5, 0.5, 0.5, 0.5, 0.5, 0.5, 0.5, 0.5, 0.5, 0.7631, 1.1, 1.1, 1.1, 1.1, 1.1, 1.1, 1.1, 1.1, 1.1, 1.1, 1.1, 1.1, 1.1, 1.1, 1.1, 1.1, 1.1, 1.1, 1.1, 1.1, 1.1, 1.1, 1.1, 1.1, 1.1, 1.1, 1.1, 1.1, 1.1, 1.1, 1.1]",0.63
terrain_transition_benchmark,clay_to_sand,standard,nn,vehicle_rate_64_32_lhs,clay,sinusoidal,5.0,0,721,/home/ksha/Documents/sbel/SCM_Final_repo/benchmarking/results/terrain_transition_benchmark_20260704_054310/raw/0001_clay_to_sand_sinusoidal_v5_b0_s721,ok,0,27.45582628250122,24.0,1.0,/home/ksha/Documents/sbel/SCM_Final_repo/benchmarking/results/terrain_transition_benchmark_20260704_054310/raw/0001_clay_to_sand_sinusoidal_v5_b0_s721/20260704_054421_118306_clay_sinusoidal_acados_rate_mlp/diag_clay_sinusoidal_acados_rate_mlp.csv,,,1642,0.0747497020347701,0.281119,0.0506782380056444,4.232206867356538,4.5680700000000005,0.8464413734713077,11.352971985383675,12.941799999999995,82.5949583568021,80.822019,-0.370546,0,0,,,,,,clay_to_sand,clay,sand,45.0,2.0,transition,clay_to_sand,0.7096471477272727,1.0882496264367816,0.5,1.1,0.2096471477272726,0.0117503735632185,0.2272772172189084,19.067702,4.619999999999999,1,"[1.642, 1.648, 1.648, 1.649, 1.654, 1.727, 1.903, 2.193, 2.622, 3.069, 3.573, 4.159, 4.643, 5.032, 5.271, 5.384, 5.427, 5.447, 5.481, 5.613, 5.928, 6.378, 6.966, 7.627, 8.452, 9.309, 10.297, 11.369, 12.369, 13.313, 14.235, 15.155, 15.968, 16.838, 17.866, 18.854, 19.915, 20.951, 22.061, 23.143, 24.332, 25.519, 26.644, 27.803, 28.856, 29.968, 30.994, 32.171, 33.248, 34.32, 35.451, 36.606, 37.889, 39.101, 40.394, 41.595, 42.914, 44.118, 45.359, 46.603, 47.68, 48.768, 49.736, 50.935, 52.074, 53.244, 54.496, 55.775, 57.018, 58.056, 59.287, 60.401, 61.59, 62.698, 63.738, 64.866, 65.851, 66.99, 68.151, 69.347, 70.471, 71.609, 72.852, 73.979, 75.191, 76.274, 77.427, 78.506, 79.704, 80.822]","[0.7, 0.7, 0.7, 0.7, 0.7, 0.7, 0.6973, 0.6807, 0.6826, 0.6864, 0.687, 0.6911, 0.6922, 0.6906, 0.6931, 0.6874, 0.6874, 0.6874, 0.6874, 0.6874, 0.5314, 0.511, 0.5155, 0.5102, 0.5022, 0.5003, 0.5, 0.5, 0.5, 0.5091, 0.5234, 0.5294, 0.5433, 0.545, 0.5451, 0.5579, 0.624, 0.6823, 0.7129, 0.72, 0.7255, 0.7326, 0.7081, 0.6612, 0.6701, 0.6775, 0.6755, 0.7235, 0.752, 0.7756, 0.7518, 0.7302, 0.7262, 0.7176, 0.6989, 0.6583, 0.6208, 0.58, 0.5739, 0.5652, 0.5723, 0.5785, 0.5995, 0.5871, 0.6041, 0.6114, 0.6375, 0.671, 0.7035, 0.746, 0.7928, 0.8347, 0.8551, 0.8951, 0.9383, 0.9792, 1.0141, 1.0392, 1.0498, 1.0686, 1.0813, 1.0886, 1.0926, 1.0933, 1.0899, 1.0882, 1.0848, 1.0837, 1.0886, 1.0945]","[0.5, 0.5, 0.5, 0.5, 0.5, 0.5, 0.5, 0.5, 0.5, 0.5, 0.5, 0.5, 0.5, 0.5, 0.5, 0.5, 0.5, 0.5, 0.5, 0.5, 0.5, 0.5, 0.5, 0.5, 0.5, 0.5, 0.5, 0.5, 0.5, 0.5, 0.5, 0.5, 0.5, 0.5, 0.5, 0.5, 0.5, 0.5, 0.5, 0.5, 0.5, 0.5, 0.5, 0.5, 0.5, 0.5, 0.5, 0.5, 0.5, 0.5, 0.5, 0.5, 0.5, 0.5, 0.5, 0.5, 0.5, 0.5353, 0.9076, 1.1, 1.1, 1.1, 1.1, 1.1, 1.1, 1.1, 1.1, 1.1, 1.1, 1.1, 1.1, 1.1, 1.1, 1.1, 1.1, 1.1, 1.1, 1.1, 1.1, 1.1, 1.1, 1.1, 1.1, 1.1, 1.1, 1.1, 1.1, 1.1, 1.1, 1.1]",0.63
terrain_transition_benchmark,sand_to_clay,standard,nn,vehicle_rate_64_32_lhs,sand,sinusoidal,5.0,0,721,/home/ksha/Documents/sbel/SCM_Final_repo/benchmarking/results/terrain_transition_benchmark_20260704_054310/raw/0006_sand_to_clay_sinusoidal_v5_b0_s721,ok,0,80.89679741859436,24.0,1.0,/home/ksha/Documents/sbel/SCM_Final_repo/benchmarking/results/terrain_transition_benchmark_20260704_054310/raw/0006_sand_to_clay_sinusoidal_v5_b0_s721/20260704_054515_074245_sand_sinusoidal_acados_rate_mlp/diag_sand_sinusoidal_acados_rate_mlp.csv,,,1568,1.1132471143437366,2.74405,0.6646035593385214,4.975920719844358,6.426525,0.9951841439688716,11.969126275510204,13.3899,98.1300360251162,96.413241,-0.770627,0,0,,,,,,sand_to_clay,sand,clay,45.0,2.0,transition,sand_to_clay,1.082084146551724,0.7263034738562092,1.1,0.5,0.0179158534482759,0.2263034738562092,0.328609074815238,19.366056,3.815999999999999,1,"[1.637, 1.644, 1.648, 1.648, 1.65, 1.653, 1.695, 1.858, 2.211, 2.67, 3.319, 4.098, 4.754, 5.44, 5.951, 6.359, 6.723, 7.109, 7.625, 8.309, 9.113, 10.026, 10.95, 11.958, 12.951, 13.839, 14.718, 15.524, 16.461, 17.43, 18.346, 19.403, 20.389, 21.439, 22.517, 23.623, 24.817, 25.99, 27.174, 28.306, 29.379, 30.532, 31.56, 32.664, 33.796, 34.778, 35.905, 36.995, 38.06, 39.203, 40.272, 41.459, 42.651, 43.731, 44.896, 45.938, 47.071, 48.231, 49.33, 50.488, 51.577, 52.815, 54.082, 55.364, 56.97, 58.612, 60.408, 62.323, 64.135, 65.933, 67.465, 69.004, 70.474, 71.791, 73.299, 74.926, 76.513, 78.084, 79.599, 81.237, 82.811, 84.177, 85.612, 86.894, 88.307, 89.792, 91.36, 93.053, 94.752, 96.413]","[0.7, 0.7, 0.7, 0.7, 0.7, 0.7, 0.7, 0.7, 0.6496, 0.6597, 0.6824, 0.6921, 0.7045, 0.6988, 0.7026, 0.6009, 0.6046, 0.6599, 0.6383, 0.5708, 0.5292, 0.5222, 0.5225, 0.5823, 0.7153, 0.8504, 0.8963, 0.9527, 0.9949, 1.0438, 1.061, 1.0755, 1.0819, 1.0797, 1.0911, 1.0965, 1.0932, 1.0794, 1.0692, 1.0675, 1.0644, 1.0612, 1.0593, 1.0609, 1.0695, 1.0781, 1.0859, 1.0899, 1.098, 1.0998, 1.1, 1.1, 1.1, 1.0963, 1.091, 1.0874, 1.0856, 1.0874, 1.0877, 1.0856, 1.0807, 1.0666, 1.026, 0.9626, 0.932, 0.8727, 0.8109, 0.7496, 0.7162, 0.6526, 0.6563, 0.6702, 0.6778, 0.6888, 0.6827, 0.672, 0.6816, 0.7007, 0.7145, 0.7324, 0.7513, 0.7598, 0.7725, 0.7785, 0.7676, 0.7391, 0.7322, 0.7427, 0.7365, 0.7345]","[1.1, 1.1, 1.1, 1.1, 1.1, 1.1, 1.1, 1.1, 1.1, 1.1, 1.1, 1.1, 1.1, 1.1, 1.1, 1.1, 1.1, 1.1, 1.1, 1.1, 1.1, 1.1, 1.1, 1.1, 1.1, 1.1, 1.1, 1.1, 1.1, 1.1, 1.1, 1.1, 1.1, 1.1, 1.1, 1.1, 1.1, 1.1, 1.1, 1.1, 1.1, 1.1, 1.1, 1.1, 1.1, 1.1, 1.1, 1.1, 1.1, 1.1, 1.1, 1.1, 1.1, 1.1, 0.8311, 0.5185, 0.5, 0.5, 0.5, 0.5, 0.5, 0.5, 0.5, 0.5, 0.5, 0.5, 0.5, 0.5, 0.5, 0.5, 0.5, 0.5, 0.5, 0.5, 0.5, 0.5, 0.5, 0.5, 0.5, 0.5, 0.5, 0.5, 0.5, 0.5, 0.5, 0.5, 0.5, 0.5, 0.5, 0.5]",0.63
terrain_transition_benchmark,sand_to_clay,standard,nn,vehicle_rate_64_32_lhs,sand,sinusoidal,5.0,0,720,/home/ksha/Documents/sbel/SCM_Final_repo/benchmarking/results/terrain_transition_benchmark_20260704_054310/raw/0005_sand_to_clay_sinusoidal_v5_b0_s720,ok,0,80.94875836372375,24.0,1.0,/home/ksha/Documents/sbel/SCM_Final_repo/benchmarking/results/terrain_transition_benchmark_20260704_054310/raw/0005_sand_to_clay_sinusoidal_v5_b0_s720/20260704_054515_083747_sand_sinusoidal_acados_rate_mlp/diag_sand_sinusoidal_acados_rate_mlp.csv,,,1610,1.1268173454267958,2.830723,0.6555984079696395,4.892072011385198,6.47477,0.9784144022770396,11.692683229813666,12.92,95.41853691288604,93.663131,-1.105775,0,0,,,,,,sand_to_clay,sand,clay,45.0,2.0,transition,sand_to_clay,1.079537402234637,0.6997288655172414,1.1,0.5,0.0204625977653631,0.1997288655172414,0.3289228919461792,17.66375,3.564,1,"[1.634, 1.642, 1.648, 1.648, 1.65, 1.653, 1.685, 1.852, 2.178, 2.65, 3.284, 3.98, 4.599, 5.181, 5.626, 5.934, 6.212, 6.499, 6.903, 7.483, 8.231, 9.078, 9.996, 10.905, 11.803, 12.678, 13.473, 14.254, 15.077, 15.986, 16.924, 17.932, 18.994, 20.015, 21.009, 22.119, 23.21, 24.336, 25.492, 26.617, 27.747, 28.872, 30.031, 31.116, 32.224, 33.314, 34.438, 35.466, 36.554, 37.56, 38.686, 39.793, 40.978, 42.12, 43.257, 44.383, 45.533, 46.668, 47.885, 48.989, 50.098, 51.224, 52.279, 53.353, 54.74, 56.212, 57.875, 59.635, 61.62, 63.462, 65.251, 67.002, 68.604, 70.054, 71.392, 72.794, 74.184, 75.548, 77.06, 78.63, 80.295, 81.863, 83.348, 84.846, 86.125, 87.419, 88.803, 90.308, 91.943, 93.663]","[0.7, 0.7, 0.7, 0.7, 0.7, 0.7, 0.7, 0.7, 0.6832, 0.6913, 0.6964, 0.7013, 0.7036, 0.7008, 0.6998, 0.5801, 0.598, 0.6223, 0.6249, 0.5566, 0.5284, 0.5247, 0.5245, 0.5516, 0.6607, 0.7819, 0.8156, 0.8137, 0.8348, 0.8662, 0.9299, 0.9808, 1.0045, 1.0117, 1.0247, 1.0585, 1.0766, 1.0796, 1.0776, 1.0753, 1.072, 1.0707, 1.0646, 1.0608, 1.0615, 1.0716, 1.0814, 1.0895, 1.0948, 1.0994, 1.0999, 1.1, 1.1, 1.1, 1.1, 1.1, 1.0996, 1.0943, 1.089, 1.0872, 1.088, 1.0845, 1.0747, 1.0472, 1.0181, 0.9479, 0.8792, 0.8148, 0.7321, 0.6706, 0.5698, 0.5524, 0.5843, 0.6445, 0.6586, 0.6727, 0.6595, 0.6664, 0.6777, 0.6939, 0.7153, 0.7327, 0.7451, 0.7542, 0.7563, 0.7541, 0.7366, 0.6649, 0.6536, 0.6679]","[1.1, 1.1, 1.1, 1.1, 1.1, 1.1, 1.1, 1.1, 1.1, 1.1, 1.1, 1.1, 1.1, 1.1, 1.1, 1.1, 1.1, 1.1, 1.1, 1.1, 1.1, 1.1, 1.1, 1.1, 1.1, 1.1, 1.1, 1.1, 1.1, 1.1, 1.1, 1.1, 1.1, 1.1, 1.1, 1.1, 1.1, 1.1, 1.1, 1.1, 1.1, 1.1, 1.1, 1.1, 1.1, 1.1, 1.1, 1.1, 1.1, 1.1, 1.1, 1.1, 1.1, 1.1, 1.1, 0.985, 0.6401, 0.5, 0.5, 0.5, 0.5, 0.5, 0.5, 0.5, 0.5, 0.5, 0.5, 0.5, 0.5, 0.5, 0.5, 0.5, 0.5, 0.5, 0.5, 0.5, 0.5, 0.5, 0.5, 0.5, 0.5, 0.5, 0.5, 0.5, 0.5, 0.5, 0.5, 0.5, 0.5, 0.5]",0.63
terrain_transition_benchmark,sand_to_clay,standard,nn,vehicle_rate_64_32_lhs,sand,sinusoidal,5.0,0,722,/home/ksha/Documents/sbel/SCM_Final_repo/benchmarking/results/terrain_transition_benchmark_20260704_054310/raw/0007_sand_to_clay_sinusoidal_v5_b0_s722,ok,0,53.58991479873657,24.0,1.0,/home/ksha/Documents/sbel/SCM_Final_repo/benchmarking/results/terrain_transition_benchmark_20260704_054310/raw/0007_sand_to_clay_sinusoidal_v5_b0_s722/20260704_054515_094503_sand_sinusoidal_acados_rate_mlp/diag_sand_sinusoidal_acados_rate_mlp.csv,,,1648,1.0586154250053852,2.719177,0.6193077093779016,4.964280129990715,6.529459999999999,0.9928560259981428,11.428125,12.610599999999998,97.66493237071808,95.991911,-0.686832,0,0,,,,,,sand_to_clay,sand,clay,45.0,2.0,transition,sand_to_clay,1.0853831978021975,0.7264679088050314,1.1,0.5,0.0146168021978023,0.2264679088050314,0.3304450406072106,18.625517,3.695999999999998,1,"[1.634, 1.642, 1.648, 1.648, 1.651, 1.654, 1.693, 1.867, 2.185, 2.687, 3.301, 4.047, 4.686, 5.284, 5.751, 6.1, 6.381, 6.738, 7.179, 7.815, 8.573, 9.459, 10.417, 11.38, 12.341, 13.318, 14.133, 15.014, 15.868, 16.832, 17.839, 18.857, 19.841, 20.931, 21.952, 23.091, 24.215, 25.426, 26.556, 27.692, 28.82, 29.984, 31.076, 32.191, 33.237, 34.32, 35.399, 36.483, 37.534, 38.656, 39.71, 40.892, 42.033, 43.222, 44.347, 45.495, 46.582, 47.752, 48.856, 50.013, 51.089, 52.297, 53.383, 54.72, 56.198, 57.94, 59.705, 61.613, 63.545, 65.357, 66.994, 68.701, 70.126, 71.546, 72.9, 74.401, 75.816, 77.31, 78.792, 80.524, 82.113, 83.735, 85.15, 86.621, 87.966, 89.435, 90.901, 92.572, 94.233, 95.992]","[0.7, 0.7, 0.7, 0.7, 0.7, 0.7, 0.7, 0.6995, 0.6653, 0.6684, 0.6844, 0.6917, 0.704, 0.7005, 0.6626, 0.6122, 0.5473, 0.6004, 0.6018, 0.5468, 0.5281, 0.521, 0.5198, 0.5762, 0.7321, 0.8647, 0.9327, 0.9737, 0.9934, 1.021, 1.054, 1.0739, 1.079, 1.0761, 1.0835, 1.0923, 1.098, 1.0938, 1.0854, 1.0789, 1.076, 1.0725, 1.0691, 1.0654, 1.0679, 1.0749, 1.0811, 1.09, 1.0953, 1.0994, 1.0999, 1.1, 1.1, 1.0991, 1.0958, 1.0933, 1.0887, 1.0893, 1.0903, 1.0929, 1.0875, 1.0763, 1.0641, 1.0126, 0.9512, 0.8913, 0.8288, 0.7715, 0.7385, 0.6571, 0.642, 0.683, 0.7068, 0.714, 0.7177, 0.7141, 0.7144, 0.7272, 0.7355, 0.7422, 0.7488, 0.7558, 0.7578, 0.7559, 0.7484, 0.7233, 0.6883, 0.6967, 0.7073, 0.7165]","[1.1, 1.1, 1.1, 1.1, 1.1, 1.1, 1.1, 1.1, 1.1, 1.1, 1.1, 1.1, 1.1, 1.1, 1.1, 1.1, 1.1, 1.1, 1.1, 1.1, 1.1, 1.1, 1.1, 1.1, 1.1, 1.1, 1.1, 1.1, 1.1, 1.1, 1.1, 1.1, 1.1, 1.1, 1.1, 1.1, 1.1, 1.1, 1.1, 1.1, 1.1, 1.1, 1.1, 1.1, 1.1, 1.1, 1.1, 1.1, 1.1, 1.1, 1.1, 1.1, 1.1, 1.1, 0.9959, 0.6516, 0.5, 0.5, 0.5, 0.5, 0.5, 0.5, 0.5, 0.5, 0.5, 0.5, 0.5, 0.5, 0.5, 0.5, 0.5, 0.5, 0.5, 0.5, 0.5, 0.5, 0.5, 0.5, 0.5, 0.5, 0.5, 0.5, 0.5, 0.5, 0.5, 0.5, 0.5, 0.5, 0.5, 0.5]",0.63
terrain_transition_benchmark,sand_to_clay,standard,nn,vehicle_rate_64_32_lhs,sand,sinusoidal,5.0,0,724,/home/ksha/Documents/sbel/SCM_Final_repo/benchmarking/results/terrain_transition_benchmark_20260704_054310/raw/0009_sand_to_clay_sinusoidal_v5_b0_s724,ok,0,53.96871685981751,24.0,1.0,/home/ksha/Documents/sbel/SCM_Final_repo/benchmarking/results/terrain_transition_benchmark_20260704_054310/raw/0009_sand_to_clay_sinusoidal_v5_b0_s724/20260704_054515_106168_sand_sinusoidal_acados_rate_mlp/diag_sand_sinusoidal_acados_rate_mlp.csv,,,1612,1.2041375461891932,3.044444,0.7364507904761906,5.027201523809524,6.438585,1.0054403047619047,11.639460297766748,13.285599999999992,101.18701001134217,99.383357,-0.037019,0,0,,,,,,sand_to_clay,sand,clay,45.0,2.0,transition,sand_to_clay,1.0967110588235294,0.7370563304093568,1.1,0.5,0.0032889411764707,0.2370563304093568,0.3262035704022032,45.720149000000006,8.652,1,"[1.642, 1.648, 1.648, 1.649, 1.654, 1.748, 1.994, 2.397, 2.971, 3.639, 4.37, 5.063, 5.631, 6.025, 6.343, 6.67, 7.034, 7.566, 8.259, 9.094, 9.994, 10.991, 12.047, 13.108, 14.072, 15.042, 15.981, 16.965, 17.936, 18.964, 19.952, 20.961, 22.026, 23.167, 24.297, 25.51, 26.691, 27.827, 28.957, 30.019, 31.159, 32.225, 33.27, 34.347, 35.422, 36.555, 37.611, 38.692, 39.8, 40.93, 42.124, 43.261, 44.387, 45.488, 46.574, 47.794, 48.944, 50.052, 51.13, 52.284, 53.461, 54.658, 56.113, 57.761, 59.508, 61.403, 63.318, 65.102, 66.78, 68.326, 69.858, 71.164, 72.529, 74.056, 75.638, 77.169, 78.75, 80.347, 81.92, 83.5, 85.0, 86.376, 87.783, 89.212, 90.788, 92.586, 94.362, 96.06, 97.786, 99.383]","[0.7, 0.7, 0.7, 0.7, 0.7, 0.7, 0.6958, 0.694, 0.6953, 0.6884, 0.7054, 0.6985, 0.6972, 0.6273, 0.5635, 0.5754, 0.6377, 0.6623, 0.6256, 0.6022, 0.5825, 0.6063, 0.6471, 0.7642, 0.8572, 0.9036, 0.93, 0.9699, 0.9962, 1.0432, 1.0735, 1.0863, 1.0927, 1.0964, 1.0996, 1.0999, 1.1, 1.1, 1.1, 1.1, 1.0952, 1.0893, 1.089, 1.0901, 1.0928, 1.0972, 1.0996, 1.1, 1.1, 1.1, 1.1, 1.0989, 1.0931, 1.0907, 1.0889, 1.0901, 1.0927, 1.095, 1.0881, 1.082, 1.0592, 1.0127, 0.9498, 0.8886, 0.8594, 0.7995, 0.7548, 0.7377, 0.7353, 0.7362, 0.7345, 0.7293, 0.7309, 0.7315, 0.7296, 0.7293, 0.7307, 0.7323, 0.7402, 0.7567, 0.7636, 0.7733, 0.7768, 0.7586, 0.7101, 0.7193, 0.7242, 0.7215, 0.7186, 0.7222]","[1.1, 1.1, 1.1, 1.1, 1.1, 1.1, 1.1, 1.1, 1.1, 1.1, 1.1, 1.1, 1.1, 1.1, 1.1, 1.1, 1.1, 1.1, 1.1, 1.1, 1.1, 1.1, 1.1, 1.1, 1.1, 1.1, 1.1, 1.1, 1.1, 1.1, 1.1, 1.1, 1.1, 1.1, 1.1, 1.1, 1.1, 1.1, 1.1, 1.1, 1.1, 1.1, 1.1, 1.1, 1.1, 1.1, 1.1, 1.1, 1.1, 1.1, 1.1, 1.1, 0.9838, 0.6537, 0.5, 0.5, 0.5, 0.5, 0.5, 0.5, 0.5, 0.5, 0.5, 0.5, 0.5, 0.5, 0.5, 0.5, 0.5, 0.5, 0.5, 0.5, 0.5, 0.5, 0.5, 0.5, 0.5, 0.5, 0.5, 0.5, 0.5, 0.5, 0.5, 0.5, 0.5, 0.5, 0.5, 0.5, 0.5, 0.5]",0.63
terrain_transition_benchmark,clay_to_dirt,standard,nn,vehicle_rate_64_32_lhs,clay,sinusoidal,5.0,0,720,/home/ksha/Documents/sbel/SCM_Final_repo/benchmarking/results/terrain_transition_benchmark_20260704_054310/raw/0010_clay_to_dirt_sinusoidal_v5_b0_s720,ok,0,106.84962129592896,24.0,1.0,/home/ksha/Documents/sbel/SCM_Final_repo/benchmarking/results/terrain_transition_benchmark_20260704_054310/raw/0010_clay_to_dirt_sinusoidal_v5_b0_s720/20260704_054608_585323_clay_sinusoidal_acados_rate_mlp/diag_clay_sinusoidal_acados_rate_mlp.csv,,,1996,0.1180182186294413,0.348316,0.0863137509377344,4.3732357839459866,5.405,0.8746471567891974,8.152359719438879,9.0105,83.36305402041216,81.732664,-0.716409,0,0,,,,,,clay_to_dirt,clay,dirt,45.0,2.0,transition,clay_to_dirt,0.6996966071428571,0.5304771452991454,0.5,0.7,0.199696607142857,0.1695228547008546,0.1654565866361849,,,1,"[1.633, 1.642, 1.648, 1.648, 1.651, 1.659, 1.714, 1.914, 2.23, 2.674, 3.184, 3.785, 4.372, 4.863, 5.251, 5.482, 5.621, 5.719, 5.844, 6.105, 6.512, 7.074, 7.713, 8.481, 9.312, 10.218, 11.173, 12.035, 12.876, 13.628, 14.349, 15.103, 15.875, 16.772, 17.698, 18.711, 19.704, 20.719, 21.801, 22.851, 23.947, 24.978, 25.988, 27.027, 28.015, 29.068, 30.111, 31.229, 32.298, 33.367, 34.484, 35.564, 36.716, 37.845, 39.0, 40.235, 41.433, 42.69, 43.885, 45.12, 46.279, 47.407, 48.563, 49.647, 50.777, 51.893, 53.052, 54.432, 55.9, 57.493, 58.968, 60.392, 61.659, 62.843, 64.042, 65.204, 66.481, 67.782, 69.16, 70.616, 71.95, 73.215, 74.21, 75.2, 76.207, 77.266, 78.397, 79.486, 80.625, 81.733]","[0.7, 0.7, 0.7, 0.7, 0.7, 0.7, 0.7, 0.7, 0.6953, 0.6954, 0.6931, 0.6898, 0.6985, 0.6966, 0.6963, 0.6753, 0.6618, 0.6618, 0.6618, 0.6222, 0.5639, 0.5269, 0.5244, 0.526, 0.5277, 0.5228, 0.535, 0.5361, 0.5251, 0.5297, 0.5352, 0.5414, 0.54, 0.5755, 0.6853, 0.7345, 0.7425, 0.7236, 0.6957, 0.6912, 0.6896, 0.6965, 0.6895, 0.6788, 0.6702, 0.657, 0.67, 0.6767, 0.7143, 0.75, 0.7743, 0.7554, 0.7468, 0.7427, 0.7011, 0.6805, 0.6561, 0.6135, 0.5805, 0.5726, 0.5692, 0.5588, 0.5717, 0.5657, 0.5439, 0.5411, 0.5374, 0.5416, 0.5659, 0.5995, 0.5836, 0.5773, 0.5538, 0.5677, 0.5417, 0.5364, 0.5427, 0.5401, 0.5484, 0.5291, 0.5367, 0.5147, 0.5111, 0.5046, 0.5016, 0.5116, 0.5308, 0.5596, 0.5726, 0.5747]","[0.5, 0.5, 0.5, 0.5, 0.5, 0.5, 0.5, 0.5, 0.5, 0.5, 0.5, 0.5, 0.5, 0.5, 0.5, 0.5, 0.5, 0.5, 0.5, 0.5, 0.5, 0.5, 0.5, 0.5, 0.5, 0.5, 0.5, 0.5, 0.5, 0.5, 0.5, 0.5, 0.5, 0.5, 0.5, 0.5, 0.5, 0.5, 0.5, 0.5, 0.5, 0.5, 0.5, 0.5, 0.5, 0.5, 0.5, 0.5, 0.5, 0.5, 0.5, 0.5, 0.5, 0.5, 0.5, 0.5, 0.5, 0.5, 0.5, 0.612, 0.7, 0.7, 0.7, 0.7, 0.7, 0.7, 0.7, 0.7, 0.7, 0.7, 0.7, 0.7, 0.7, 0.7, 0.7, 0.7, 0.7, 0.7, 0.7, 0.7, 0.7, 0.7, 0.7, 0.7, 0.7, 0.7, 0.7, 0.7, 0.7, 0.7]",0.63
terrain_transition_benchmark,sand_to_clay,standard,nn,vehicle_rate_64_32_lhs,sand,sinusoidal,5.0,0,723,/home/ksha/Documents/sbel/SCM_Final_repo/benchmarking/results/terrain_transition_benchmark_20260704_054310/raw/0008_sand_to_clay_sinusoidal_v5_b0_s723,ok,0,154.60930609703064,24.0,1.0,/home/ksha/Documents/sbel/SCM_Final_repo/benchmarking/results/terrain_transition_benchmark_20260704_054310/raw/0008_sand_to_clay_sinusoidal_v5_b0_s723/20260704_054656_308334_sand_sinusoidal_acados_rate_mlp/diag_sand_sinusoidal_acados_rate_mlp.csv,,,1996,1.0522758492316862,2.658347,0.6431141567891971,5.029345161290323,6.506159999999999,1.0058690322580646,8.333251503006013,9.0805,100.60699342956308,98.859483,-0.003365,0,0,,,,,,sand_to_clay,sand,clay,45.0,2.0,transition,sand_to_clay,1.097848530201342,0.7279753295194507,1.1,0.5,0.0021514697986579,0.2279753295194506,0.3279312527607513,17.935161,3.612,1,"[1.635, 1.645, 1.648, 1.65, 1.655, 1.724, 1.989, 2.468, 3.101, 3.916, 4.738, 5.511, 6.105, 6.59, 7.042, 7.488, 8.064, 8.765, 9.605, 10.597, 11.596, 12.625, 13.552, 14.458, 15.286, 16.127, 17.069, 18.015, 19.025, 20.006, 21.003, 22.068, 23.117, 24.24, 25.346, 26.524, 27.66, 28.79, 29.957, 31.049, 32.164, 33.21, 34.244, 35.321, 36.354, 37.456, 38.53, 39.686, 40.813, 41.953, 43.144, 44.272, 45.424, 46.509, 47.581, 48.689, 49.744, 50.858, 51.96, 53.17, 54.467, 55.909, 57.544, 59.203, 61.01, 62.774, 64.525, 66.275, 67.832, 69.326, 70.631, 71.939, 73.234, 74.612, 76.143, 77.677, 79.329, 80.924, 82.498, 84.076, 85.507, 86.938, 88.278, 89.72, 91.162, 92.656, 94.249, 95.781, 97.369, 98.859]","[0.7, 0.7, 0.7, 0.7, 0.7, 0.7, 0.6786, 0.6746, 0.6905, 0.6934, 0.7138, 0.6979, 0.6467, 0.5424, 0.5482, 0.6378, 0.612, 0.5458, 0.5222, 0.5236, 0.5248, 0.613, 0.7346, 0.8455, 0.9271, 0.9985, 1.0269, 1.0508, 1.0737, 1.0944, 1.0992, 1.0999, 1.1, 1.1, 1.1, 1.1, 1.1, 1.0998, 1.1, 1.0979, 1.0894, 1.0854, 1.0902, 1.098, 1.0998, 1.1, 1.1, 1.1, 1.1, 1.1, 1.1, 1.1, 1.0999, 1.0992, 1.0974, 1.0981, 1.0991, 1.0965, 1.0806, 1.061, 1.0186, 0.9579, 0.8739, 0.819, 0.7669, 0.7281, 0.7011, 0.7088, 0.7124, 0.7152, 0.7089, 0.716, 0.7081, 0.7132, 0.718, 0.7285, 0.7332, 0.7356, 0.7422, 0.7548, 0.7623, 0.7606, 0.7528, 0.7019, 0.6939, 0.7159, 0.7264, 0.7306, 0.7312, 0.7256]","[1.1, 1.1, 1.1, 1.1, 1.1, 1.1, 1.1, 1.1, 1.1, 1.1, 1.1, 1.1, 1.1, 1.1, 1.1, 1.1, 1.1, 1.1, 1.1, 1.1, 1.1, 1.1, 1.1, 1.1, 1.1, 1.1, 1.1, 1.1, 1.1, 1.1, 1.1, 1.1, 1.1, 1.1, 1.1, 1.1, 1.1, 1.1, 1.1, 1.1, 1.1, 1.1, 1.1, 1.1, 1.1, 1.1, 1.1, 1.1, 1.1, 1.1, 1.1, 1.0185, 0.6729, 0.5, 0.5, 0.5, 0.5, 0.5, 0.5, 0.5, 0.5, 0.5, 0.5, 0.5, 0.5, 0.5, 0.5, 0.5, 0.5, 0.5, 0.5, 0.5, 0.5, 0.5, 0.5, 0.5, 0.5, 0.5, 0.5, 0.5, 0.5, 0.5, 0.5, 0.5, 0.5, 0.5, 0.5, 0.5, 0.5, 0.5]",0.63
terrain_transition_benchmark,clay_to_dirt,standard,nn,vehicle_rate_64_32_lhs,clay,sinusoidal,5.0,0,722,/home/ksha/Documents/sbel/SCM_Final_repo/benchmarking/results/terrain_transition_benchmark_20260704_054310/raw/0012_clay_to_dirt_sinusoidal_v5_b0_s722,ok,0,148.82763481140137,24.0,1.0,/home/ksha/Documents/sbel/SCM_Final_repo/benchmarking/results/terrain_transition_benchmark_20260704_054310/raw/0012_clay_to_dirt_sinusoidal_v5_b0_s722/20260704_054743_979410_clay_sinusoidal_acados_rate_mlp/diag_clay_sinusoidal_acados_rate_mlp.csv,,,1682,0.120936553591949,0.430156,0.0865715246800731,4.542999542961609,5.911434999999999,0.9085999085923218,11.00819857312723,12.743800000000002,87.82436989092805,85.689615,-1.867623,0,0,,,,,,clay_to_dirt,clay,dirt,45.0,2.0,transition,clay_to_dirt,0.6711264038997213,0.615796314893617,0.5,0.7,0.1711264038997213,0.0842036851063829,0.1331555139461788,,,1,"[1.638, 1.644, 1.648, 1.649, 1.657, 1.778, 2.016, 2.357, 2.783, 3.285, 3.844, 4.412, 4.865, 5.242, 5.453, 5.552, 5.598, 5.619, 5.692, 5.919, 6.298, 6.803, 7.411, 8.077, 8.907, 9.801, 10.816, 11.848, 12.839, 13.803, 14.701, 15.53, 16.299, 17.211, 18.197, 19.189, 20.207, 21.295, 22.421, 23.522, 24.736, 25.85, 27.009, 28.156, 29.292, 30.432, 31.522, 32.601, 33.721, 34.748, 35.886, 37.149, 38.342, 39.568, 40.82, 42.085, 43.353, 44.611, 45.738, 46.991, 48.16, 49.249, 50.391, 51.693, 53.175, 54.964, 56.958, 58.765, 60.187, 61.362, 62.365, 63.306, 64.462, 65.619, 66.816, 67.998, 69.131, 70.606, 72.212, 73.865, 75.387, 76.906, 78.165, 79.181, 80.098, 80.983, 82.051, 83.192, 84.445, 85.69]","[0.7, 0.7, 0.7, 0.7, 0.7, 0.7, 0.7014, 0.6922, 0.6897, 0.6906, 0.6895, 0.6928, 0.6936, 0.694, 0.6332, 0.6237, 0.6237, 0.6237, 0.6237, 0.5615, 0.5304, 0.512, 0.5126, 0.5033, 0.5004, 0.5, 0.5, 0.5, 0.5066, 0.5159, 0.5267, 0.5391, 0.5496, 0.5593, 0.565, 0.5847, 0.6678, 0.7331, 0.7435, 0.7443, 0.7358, 0.698, 0.6571, 0.6014, 0.565, 0.564, 0.6369, 0.6528, 0.6867, 0.7061, 0.6783, 0.7062, 0.704, 0.6793, 0.6607, 0.607, 0.5828, 0.546, 0.5541, 0.5672, 0.5564, 0.578, 0.5819, 0.5813, 0.5906, 0.6033, 0.6377, 0.6305, 0.6281, 0.6238, 0.5968, 0.596, 0.593, 0.5937, 0.6013, 0.6193, 0.635, 0.6473, 0.6524, 0.6448, 0.6414, 0.6125, 0.5701, 0.5892, 0.6258, 0.6132, 0.5901, 0.5877, 0.5911, 0.6057]","[0.5, 0.5, 0.5, 0.5, 0.5, 0.5, 0.5, 0.5, 0.5, 0.5, 0.5, 0.5, 0.5, 0.5, 0.5, 0.5, 0.5, 0.5, 0.5, 0.5, 0.5, 0.5, 0.5, 0.5, 0.5, 0.5, 0.5, 0.5, 0.5, 0.5, 0.5, 0.5, 0.5, 0.5, 0.5, 0.5, 0.5, 0.5, 0.5, 0.5, 0.5, 0.5, 0.5, 0.5, 0.5, 0.5, 0.5, 0.5, 0.5, 0.5, 0.5, 0.5, 0.5, 0.5, 0.5, 0.5, 0.5, 0.5611, 0.6738, 0.7, 0.7, 0.7, 0.7, 0.7, 0.7, 0.7, 0.7, 0.7, 0.7, 0.7, 0.7, 0.7, 0.7, 0.7, 0.7, 0.7, 0.7, 0.7, 0.7, 0.7, 0.7, 0.7, 0.7, 0.7, 0.7, 0.7, 0.7, 0.7, 0.7, 0.7]",0.63
terrain_transition_benchmark,clay_to_dirt,standard,nn,vehicle_rate_64_32_lhs,clay,sinusoidal,5.0,0,721,/home/ksha/Documents/sbel/SCM_Final_repo/benchmarking/results/terrain_transition_benchmark_20260704_054310/raw/0011_clay_to_dirt_sinusoidal_v5_b0_s721,ok,0,148.9301357269287,24.0,1.0,/home/ksha/Documents/sbel/SCM_Final_repo/benchmarking/results/terrain_transition_benchmark_20260704_054310/raw/0011_clay_to_dirt_sinusoidal_v5_b0_s721/20260704_054743_969855_clay_sinusoidal_acados_rate_mlp/diag_clay_sinusoidal_acados_rate_mlp.csv,,,1652,0.1113716199331227,0.278796,0.0868603566108007,4.458429329608939,5.632345,0.8916858659217878,11.3638196125908,12.7147,85.28276157850226,83.487271,-1.32102,0,0,,,,,,clay_to_dirt,clay,dirt,45.0,2.0,transition,clay_to_dirt,0.6968458067226891,0.5684685345622119,0.5,0.7,0.1968458067226891,0.131531465437788,0.1520471521473065,,,1,"[1.634, 1.64, 1.648, 1.648, 1.648, 1.653, 1.66, 1.711, 1.865, 2.143, 2.542, 2.984, 3.539, 4.091, 4.666, 5.118, 5.444, 5.651, 5.813, 5.944, 6.118, 6.43, 6.883, 7.485, 8.128, 8.931, 9.836, 10.808, 11.775, 12.77, 13.663, 14.44, 15.271, 16.031, 16.982, 17.881, 18.91, 19.973, 21.056, 22.114, 23.281, 24.443, 25.497, 26.631, 27.66, 28.735, 29.784, 30.905, 31.985, 33.109, 34.277, 35.45, 36.598, 37.72, 38.979, 40.162, 41.419, 42.684, 44.0, 45.191, 46.404, 47.576, 48.717, 49.897, 50.99, 52.259, 53.665, 55.458, 57.118, 58.589, 60.136, 61.408, 62.758, 64.019, 65.335, 66.626, 68.006, 69.447, 70.991, 72.302, 73.449, 74.425, 75.421, 76.546, 77.666, 78.846, 79.928, 81.113, 82.279, 83.487]","[0.7, 0.7, 0.7, 0.7, 0.7, 0.7, 0.7, 0.7, 0.7, 0.6862, 0.6871, 0.6904, 0.6899, 0.6888, 0.6963, 0.694, 0.6986, 0.5864, 0.5912, 0.5912, 0.5912, 0.5751, 0.5484, 0.5272, 0.5236, 0.5201, 0.5154, 0.5139, 0.5188, 0.5185, 0.5168, 0.524, 0.5333, 0.542, 0.5552, 0.5594, 0.5933, 0.6137, 0.612, 0.6204, 0.6539, 0.6826, 0.6936, 0.6891, 0.6692, 0.6312, 0.6536, 0.6911, 0.7349, 0.7665, 0.7883, 0.8005, 0.7533, 0.7463, 0.7002, 0.6951, 0.6794, 0.6565, 0.6097, 0.5815, 0.5752, 0.5682, 0.5784, 0.5724, 0.5456, 0.5392, 0.5429, 0.572, 0.6147, 0.5996, 0.5834, 0.5759, 0.5578, 0.5528, 0.5439, 0.5609, 0.5592, 0.5647, 0.5899, 0.5545, 0.5442, 0.5448, 0.5482, 0.5635, 0.5731, 0.5797, 0.5842, 0.5867, 0.5862, 0.5724]","[0.5, 0.5, 0.5, 0.5, 0.5, 0.5, 0.5, 0.5, 0.5, 0.5, 0.5, 0.5, 0.5, 0.5, 0.5, 0.5, 0.5, 0.5, 0.5, 0.5, 0.5, 0.5, 0.5, 0.5, 0.5, 0.5, 0.5, 0.5, 0.5, 0.5, 0.5, 0.5, 0.5, 0.5, 0.5, 0.5, 0.5, 0.5, 0.5, 0.5, 0.5, 0.5, 0.5, 0.5, 0.5, 0.5, 0.5, 0.5, 0.5, 0.5, 0.5, 0.5, 0.5, 0.5, 0.5, 0.5, 0.5, 0.5, 0.5, 0.6191, 0.7, 0.7, 0.7, 0.7, 0.7, 0.7, 0.7, 0.7, 0.7, 0.7, 0.7, 0.7, 0.7, 0.7, 0.7, 0.7, 0.7, 0.7, 0.7, 0.7, 0.7, 0.7, 0.7, 0.7, 0.7, 0.7, 0.7, 0.7, 0.7, 0.7]",0.63
terrain_transition_benchmark,clay_to_dirt,standard,nn,vehicle_rate_64_32_lhs,clay,sinusoidal,5.0,0,723,/home/ksha/Documents/sbel/SCM_Final_repo/benchmarking/results/terrain_transition_benchmark_20260704_054310/raw/0013_clay_to_dirt_sinusoidal_v5_b0_s723,ok,0,148.87997174263,24.0,1.0,/home/ksha/Documents/sbel/SCM_Final_repo/benchmarking/results/terrain_transition_benchmark_20260704_054310/raw/0013_clay_to_dirt_sinusoidal_v5_b0_s723/20260704_054743_991127_clay_sinusoidal_acados_rate_mlp/diag_clay_sinusoidal_acados_rate_mlp.csv,,,1563,0.1112438558277714,0.3297,0.0834337835153922,4.392109831181728,5.720289999999999,0.8784219662363455,12.013160588611644,14.366599999999991,83.68721280824913,81.791838,-0.734478,0,0,,,,,,clay_to_dirt,clay,dirt,45.0,2.0,transition,clay_to_dirt,0.6976609411764706,0.6422834050632911,0.5,0.7,0.1976609411764706,0.0577165949367088,0.1471124213732347,,,1,"[1.632, 1.641, 1.647, 1.648, 1.648, 1.651, 1.658, 1.694, 1.833, 2.093, 2.475, 2.904, 3.446, 4.017, 4.589, 5.02, 5.37, 5.576, 5.69, 5.769, 5.868, 6.049, 6.365, 6.856, 7.442, 8.185, 8.967, 9.874, 10.812, 11.787, 12.653, 13.426, 14.192, 14.854, 15.657, 16.482, 17.428, 18.388, 19.424, 20.44, 21.571, 22.765, 23.815, 24.945, 26.008, 27.054, 28.046, 29.051, 30.094, 31.26, 32.431, 33.595, 34.76, 35.844, 37.056, 38.198, 39.474, 40.669, 41.986, 43.197, 44.509, 45.747, 46.9, 48.164, 49.249, 50.42, 51.578, 53.065, 54.579, 56.153, 58.021, 59.56, 61.097, 62.249, 63.244, 64.19, 65.21, 66.279, 67.487, 68.632, 69.915, 71.441, 72.943, 74.671, 76.239, 77.599, 78.781, 79.776, 80.699, 81.792]","[0.7, 0.7, 0.7, 0.7, 0.7, 0.7, 0.7, 0.7, 0.7, 0.6893, 0.6855, 0.684, 0.6852, 0.6871, 0.6973, 0.6949, 0.6879, 0.6239, 0.5967, 0.5967, 0.5967, 0.5832, 0.5497, 0.5384, 0.5269, 0.5229, 0.5203, 0.5211, 0.5247, 0.5266, 0.5204, 0.5214, 0.5266, 0.5272, 0.5314, 0.5477, 0.6358, 0.6856, 0.7009, 0.713, 0.6969, 0.6865, 0.6837, 0.6819, 0.6698, 0.6656, 0.6376, 0.6534, 0.6724, 0.6945, 0.7153, 0.7627, 0.7699, 0.7521, 0.7499, 0.713, 0.7173, 0.6871, 0.6692, 0.6226, 0.5678, 0.5668, 0.5746, 0.5835, 0.5897, 0.59, 0.5818, 0.5457, 0.5614, 0.6126, 0.6043, 0.5875, 0.5616, 0.5519, 0.5569, 0.557, 0.5742, 0.6, 0.6243, 0.6325, 0.6452, 0.6538, 0.6546, 0.6541, 0.6473, 0.6454, 0.6336, 0.6343, 0.6307, 0.6058]","[0.5, 0.5, 0.5, 0.5, 0.5, 0.5, 0.5, 0.5, 0.5, 0.5, 0.5, 0.5, 0.5, 0.5, 0.5, 0.5, 0.5, 0.5, 0.5, 0.5, 0.5, 0.5, 0.5, 0.5, 0.5, 0.5, 0.5, 0.5, 0.5, 0.5, 0.5, 0.5, 0.5, 0.5, 0.5, 0.5, 0.5, 0.5, 0.5, 0.5, 0.5, 0.5, 0.5, 0.5, 0.5, 0.5, 0.5, 0.5, 0.5, 0.5, 0.5, 0.5, 0.5, 0.5, 0.5, 0.5, 0.5, 0.5, 0.5, 0.5, 0.5509, 0.6747, 0.7, 0.7, 0.7, 0.7, 0.7, 0.7, 0.7, 0.7, 0.7, 0.7, 0.7, 0.7, 0.7, 0.7, 0.7, 0.7, 0.7, 0.7, 0.7, 0.7, 0.7, 0.7, 0.7, 0.7, 0.7, 0.7, 0.7, 0.7]",0.63
terrain_transition_benchmark,clay_to_dirt,standard,nn,vehicle_rate_64_32_lhs,clay,sinusoidal,5.0,0,724,/home/ksha/Documents/sbel/SCM_Final_repo/benchmarking/results/terrain_transition_benchmark_20260704_054310/raw/0014_clay_to_dirt_sinusoidal_v5_b0_s724,ok,0,148.82004809379578,24.0,1.0,/home/ksha/Documents/sbel/SCM_Final_repo/benchmarking/results/terrain_transition_benchmark_20260704_054310/raw/0014_clay_to_dirt_sinusoidal_v5_b0_s724/20260704_054744_000475_clay_sinusoidal_acados_rate_mlp/diag_clay_sinusoidal_acados_rate_mlp.csv,,,1626,0.1162025288606568,0.305476,0.0887901351094196,4.470755375832541,5.635,0.8941510751665082,11.507539975399755,13.0775,85.86873579301287,84.045681,-1.468659,0,0,,,,,,clay_to_dirt,clay,dirt,45.0,2.0,transition,clay_to_dirt,0.7066435127478753,0.5552924036697248,0.5,0.7,0.2066435127478753,0.1447075963302752,0.1619842626302574,0.0114810000000034,0.0,1,"[1.641, 1.647, 1.648, 1.649, 1.654, 1.731, 1.916, 2.194, 2.582, 3.046, 3.573, 4.154, 4.627, 4.987, 5.228, 5.32, 5.351, 5.359, 5.374, 5.492, 5.749, 6.167, 6.734, 7.379, 8.116, 8.984, 9.987, 11.024, 11.985, 12.887, 13.769, 14.577, 15.347, 16.24, 17.097, 18.101, 19.1, 20.169, 21.299, 22.394, 23.5, 24.64, 25.721, 26.788, 27.754, 28.824, 29.872, 30.941, 32.065, 33.284, 34.5, 35.585, 36.738, 37.969, 39.128, 40.366, 41.624, 42.942, 44.2, 45.387, 46.649, 47.815, 48.943, 50.058, 51.298, 52.579, 54.063, 55.58, 57.452, 59.056, 60.587, 61.952, 63.283, 64.489, 65.627, 66.895, 68.455, 69.896, 71.315, 72.638, 73.835, 74.841, 75.817, 76.876, 78.03, 79.161, 80.302, 81.461, 82.705, 84.046]","[0.7, 0.7, 0.7, 0.7, 0.7, 0.7, 0.6983, 0.6951, 0.6945, 0.6894, 0.6918, 0.6972, 0.6949, 0.6903, 0.6917, 0.689, 0.689, 0.689, 0.689, 0.689, 0.5953, 0.5117, 0.518, 0.5079, 0.505, 0.5009, 0.5001, 0.5, 0.5009, 0.5146, 0.5205, 0.5251, 0.5332, 0.5308, 0.5329, 0.5273, 0.5332, 0.5721, 0.6061, 0.6197, 0.5787, 0.6218, 0.6385, 0.6612, 0.6558, 0.6796, 0.71, 0.7198, 0.7552, 0.7917, 0.8268, 0.8194, 0.7871, 0.7848, 0.7963, 0.7392, 0.6734, 0.5848, 0.5732, 0.5734, 0.569, 0.564, 0.5554, 0.5636, 0.5383, 0.5409, 0.5323, 0.5805, 0.5779, 0.5614, 0.5698, 0.5678, 0.5509, 0.5412, 0.5374, 0.5471, 0.5484, 0.569, 0.5664, 0.5401, 0.5237, 0.5254, 0.5264, 0.5292, 0.5477, 0.5736, 0.5814, 0.5822, 0.586, 0.5846]","[0.5, 0.5, 0.5, 0.5, 0.5, 0.5, 0.5, 0.5, 0.5, 0.5, 0.5, 0.5, 0.5, 0.5, 0.5, 0.5, 0.5, 0.5, 0.5, 0.5, 0.5, 0.5, 0.5, 0.5, 0.5, 0.5, 0.5, 0.5, 0.5, 0.5, 0.5, 0.5, 0.5, 0.5, 0.5, 0.5, 0.5, 0.5, 0.5, 0.5, 0.5, 0.5, 0.5, 0.5, 0.5, 0.5, 0.5, 0.5, 0.5, 0.5, 0.5, 0.5, 0.5, 0.5, 0.5, 0.5, 0.5, 0.5, 0.52, 0.6387, 0.7, 0.7, 0.7, 0.7, 0.7, 0.7, 0.7, 0.7, 0.7, 0.7, 0.7, 0.7, 0.7, 0.7, 0.7, 0.7, 0.7, 0.7, 0.7, 0.7, 0.7, 0.7, 0.7, 0.7, 0.7, 0.7, 0.7, 0.7, 0.7, 0.7]",0.63
terrain_transition_benchmark,dirt_to_clay,standard,nn,vehicle_rate_64_32_lhs,dirt,sinusoidal,5.0,0,722,/home/ksha/Documents/sbel/SCM_Final_repo/benchmarking/results/terrain_transition_benchmark_20260704_054310/raw/0017_dirt_to_clay_sinusoidal_v5_b0_s722,ok,0,53.47914981842041,24.0,1.0,/home/ksha/Documents/sbel/SCM_Final_repo/benchmarking/results/terrain_transition_benchmark_20260704_054310/raw/0017_dirt_to_clay_sinusoidal_v5_b0_s722/20260704_054837_437634_dirt_sinusoidal_acados_rate_mlp/diag_dirt_sinusoidal_acados_rate_mlp.csv,,,1359,1.0330079037246904,2.866903,0.6564985523704521,4.876966482910695,6.12229,0.975393296582139,13.689264164827078,15.7884,102.13599129715394,99.305562,1.000202,0,0,,,,,,dirt_to_clay,dirt,clay,45.0,2.0,transition,dirt_to_clay,0.615948888429752,0.6221013966480446,0.7,0.5,0.0840511115702479,0.1221013966480446,0.0885391402733633,1.8234700000000004,0.3840000000000003,1,"[1.637, 1.644, 1.648, 1.649, 1.654, 1.746, 2.069, 2.601, 3.314, 4.216, 5.138, 5.886, 6.532, 7.085, 7.583, 8.083, 8.648, 9.432, 10.477, 11.613, 12.878, 14.049, 15.285, 16.376, 17.476, 18.515, 19.665, 20.757, 21.883, 23.1, 24.468, 25.719, 27.049, 28.384, 29.651, 30.892, 32.104, 33.389, 34.664, 36.132, 37.829, 39.71, 41.345, 42.934, 44.333, 45.763, 47.048, 48.256, 49.577, 50.961, 52.43, 54.033, 55.598, 56.967, 58.12, 59.15, 60.152, 61.169, 62.179, 63.197, 64.241, 65.24, 66.203, 67.228, 68.329, 69.394, 70.549, 71.803, 73.274, 74.692, 76.242, 77.772, 79.475, 81.074, 82.645, 84.016, 85.287, 86.294, 87.223, 88.177, 89.298, 90.384, 91.509, 92.652, 93.846, 95.071, 96.204, 97.285, 98.321, 99.306]","[0.7, 0.7, 0.7, 0.7, 0.7, 0.7, 0.6995, 0.6908, 0.6817, 0.6777, 0.675, 0.7051, 0.6545, 0.597, 0.6015, 0.6726, 0.6944, 0.6676, 0.63, 0.5652, 0.5793, 0.5705, 0.5826, 0.6204, 0.6437, 0.6866, 0.7004, 0.7115, 0.7052, 0.6889, 0.6824, 0.6653, 0.6531, 0.6287, 0.6082, 0.599, 0.5819, 0.5715, 0.538, 0.5438, 0.5785, 0.5892, 0.586, 0.5832, 0.5718, 0.5714, 0.5424, 0.5354, 0.5224, 0.5263, 0.5223, 0.5218, 0.5213, 0.517, 0.5227, 0.5064, 0.5105, 0.544, 0.5584, 0.5639, 0.5699, 0.5914, 0.594, 0.5922, 0.5934, 0.5983, 0.5901, 0.593, 0.5938, 0.5816, 0.5932, 0.6083, 0.6253, 0.6252, 0.6259, 0.6264, 0.6188, 0.6163, 0.6355, 0.6407, 0.6425, 0.6383, 0.6335, 0.6254, 0.6347, 0.6372, 0.6484, 0.6437, 0.6271, 0.6045]","[0.7, 0.7, 0.7, 0.7, 0.7, 0.7, 0.7, 0.7, 0.7, 0.7, 0.7, 0.7, 0.7, 0.7, 0.7, 0.7, 0.7, 0.7, 0.7, 0.7, 0.7, 0.7, 0.7, 0.7, 0.7, 0.7, 0.7, 0.7, 0.7, 0.7, 0.7, 0.7, 0.7, 0.7, 0.7, 0.7, 0.7, 0.7, 0.7, 0.7, 0.7, 0.7, 0.7, 0.7, 0.6667, 0.5237, 0.5, 0.5, 0.5, 0.5, 0.5, 0.5, 0.5, 0.5, 0.5, 0.5, 0.5, 0.5, 0.5, 0.5, 0.5, 0.5, 0.5, 0.5, 0.5, 0.5, 0.5, 0.5, 0.5, 0.5, 0.5, 0.5, 0.5, 0.5, 0.5, 0.5, 0.5, 0.5, 0.5, 0.5, 0.5, 0.5, 0.5, 0.5, 0.5, 0.5, 0.5, 0.5, 0.5, 0.5]",0.63
terrain_transition_benchmark,dirt_to_sand,standard,nn,vehicle_rate_64_32_lhs,dirt,sinusoidal,5.0,0,720,/home/ksha/Documents/sbel/SCM_Final_repo/benchmarking/results/terrain_transition_benchmark_20260704_054310/raw/0020_dirt_to_sand_sinusoidal_v5_b0_s720,ok,0,53.07533288002014,24.0,1.0,/home/ksha/Documents/sbel/SCM_Final_repo/benchmarking/results/terrain_transition_benchmark_20260704_054310/raw/0020_dirt_to_sand_sinusoidal_v5_b0_s720/20260704_054837_453434_dirt_sinusoidal_acados_rate_mlp/diag_dirt_sinusoidal_acados_rate_mlp.csv,,,1351,0.1089551550964341,0.328881,0.0743928039906103,4.686371948356808,5.7338,0.9372743896713616,13.936247224278317,15.895,95.9183052367,93.977205,-0.399075,0,0,,,,,,dirt_to_sand,dirt,sand,45.0,2.0,transition,dirt_to_sand,0.6331920392857142,0.5805507355932203,0.7,1.1,0.0668079607142857,0.5194492644067797,0.3460722715214459,,,1,"[1.634, 1.641, 1.648, 1.648, 1.649, 1.652, 1.656, 1.757, 2.024, 2.484, 3.092, 3.794, 4.58, 5.293, 5.918, 6.511, 6.965, 7.419, 7.865, 8.418, 9.088, 10.023, 11.006, 12.003, 13.041, 13.983, 14.873, 15.799, 16.58, 17.414, 18.3, 19.24, 20.212, 21.364, 22.399, 23.466, 24.567, 25.699, 26.85, 28.063, 29.213, 30.344, 31.448, 32.528, 33.64, 34.847, 35.909, 37.002, 38.229, 39.591, 41.049, 42.803, 44.398, 45.899, 47.174, 48.407, 49.708, 51.107, 52.534, 54.085, 55.7, 57.276, 58.798, 60.245, 61.517, 62.87, 64.356, 65.792, 67.315, 69.045, 70.701, 72.18, 73.554, 74.634, 75.705, 76.963, 78.133, 79.299, 80.417, 81.543, 82.737, 84.018, 85.237, 86.48, 87.785, 89.079, 90.349, 91.638, 92.843, 93.977]","[0.7, 0.7, 0.7, 0.7, 0.7, 0.7, 0.7, 0.7, 0.7005, 0.6945, 0.6895, 0.6852, 0.6796, 0.6814, 0.679, 0.6701, 0.577, 0.5412, 0.6098, 0.6465, 0.5966, 0.5362, 0.5218, 0.5246, 0.5247, 0.532, 0.5404, 0.5607, 0.5799, 0.6175, 0.6415, 0.6743, 0.6858, 0.7048, 0.7024, 0.7032, 0.7054, 0.6927, 0.6748, 0.6408, 0.6328, 0.6215, 0.6187, 0.6229, 0.6118, 0.5923, 0.5819, 0.5811, 0.5769, 0.5826, 0.6058, 0.5958, 0.5764, 0.5829, 0.5927, 0.5787, 0.5625, 0.5593, 0.5699, 0.5823, 0.5925, 0.6061, 0.5895, 0.577, 0.5627, 0.5529, 0.5272, 0.5286, 0.5236, 0.5214, 0.565, 0.5933, 0.5634, 0.5424, 0.5272, 0.5317, 0.53, 0.5306, 0.5319, 0.5245, 0.5428, 0.5727, 0.5783, 0.565, 0.5506, 0.5374, 0.5879, 0.7331, 0.7954, 0.8922]","[0.7, 0.7, 0.7, 0.7, 0.7, 0.7, 0.7, 0.7, 0.7, 0.7, 0.7, 0.7, 0.7, 0.7, 0.7, 0.7, 0.7, 0.7, 0.7, 0.7, 0.7, 0.7, 0.7, 0.7, 0.7, 0.7, 0.7, 0.7, 0.7, 0.7, 0.7, 0.7, 0.7, 0.7, 0.7, 0.7, 0.7, 0.7, 0.7, 0.7, 0.7, 0.7, 0.7, 0.7, 0.7, 0.7, 0.7, 0.7, 0.7, 0.7, 0.7, 0.7, 0.7796, 1.0798, 1.1, 1.1, 1.1, 1.1, 1.1, 1.1, 1.1, 1.1, 1.1, 1.1, 1.1, 1.1, 1.1, 1.1, 1.1, 1.1, 1.1, 1.1, 1.1, 1.1, 1.1, 1.1, 1.1, 1.1, 1.1, 1.1, 1.1, 1.1, 1.1, 1.1, 1.1, 1.1, 1.1, 1.1, 1.1, 1.1]",0.63
terrain_transition_benchmark,dirt_to_clay,standard,nn,vehicle_rate_64_32_lhs,dirt,sinusoidal,5.0,0,720,/home/ksha/Documents/sbel/SCM_Final_repo/benchmarking/results/terrain_transition_benchmark_20260704_054310/raw/0015_dirt_to_clay_sinusoidal_v5_b0_s720,ok,0,149.0480260848999,24.0,1.0,/home/ksha/Documents/sbel/SCM_Final_repo/benchmarking/results/terrain_transition_benchmark_20260704_054310/raw/0015_dirt_to_clay_sinusoidal_v5_b0_s720/20260704_054837_400473_dirt_sinusoidal_acados_rate_mlp/diag_dirt_sinusoidal_acados_rate_mlp.csv,,,1449,1.0118858362797534,2.856591,0.6029898833510073,4.850975715800637,6.089090000000001,0.9701951431601272,12.967170462387854,14.1604,99.5474864652258,97.140746,-0.184361,0,0,,,,,,dirt_to_clay,dirt,clay,45.0,2.0,transition,dirt_to_clay,0.6338188436363636,0.6084942121212121,0.7,0.5,0.0661811563636363,0.1084942121212121,0.0836344226388376,2.308554000000001,0.4920000000000009,1,"[1.635, 1.643, 1.648, 1.648, 1.651, 1.653, 1.669, 1.82, 2.161, 2.715, 3.463, 4.25, 5.043, 5.828, 6.473, 6.992, 7.499, 8.041, 8.648, 9.429, 10.378, 11.542, 12.667, 13.774, 14.786, 15.834, 16.765, 17.691, 18.744, 19.752, 20.795, 21.969, 23.187, 24.339, 25.526, 26.735, 28.062, 29.27, 30.46, 31.727, 32.854, 34.014, 35.229, 36.58, 38.045, 39.587, 41.257, 42.866, 44.278, 45.624, 46.829, 48.111, 49.38, 50.782, 52.294, 53.861, 55.382, 56.887, 58.223, 59.351, 60.427, 61.442, 62.587, 63.683, 64.79, 65.852, 66.872, 67.91, 69.015, 70.314, 71.687, 73.096, 74.655, 76.286, 78.048, 79.835, 81.5, 83.107, 84.43, 85.632, 86.725, 87.678, 88.687, 89.825, 91.026, 92.32, 93.622, 94.801, 96.048, 97.141]","[0.7, 0.7, 0.7, 0.7, 0.7, 0.7, 0.7, 0.7, 0.6934, 0.6889, 0.6873, 0.6771, 0.6793, 0.6846, 0.6839, 0.6087, 0.648, 0.6717, 0.6474, 0.5736, 0.5429, 0.5178, 0.5328, 0.58, 0.5805, 0.5888, 0.6217, 0.6416, 0.6644, 0.7164, 0.7331, 0.7435, 0.7143, 0.7077, 0.6859, 0.6619, 0.6532, 0.6442, 0.6342, 0.6164, 0.5916, 0.5821, 0.5683, 0.5564, 0.5635, 0.6038, 0.607, 0.5902, 0.5724, 0.571, 0.5583, 0.5392, 0.5389, 0.534, 0.5307, 0.5327, 0.5318, 0.5334, 0.5281, 0.5371, 0.5147, 0.5332, 0.5549, 0.559, 0.5776, 0.5832, 0.588, 0.5875, 0.5847, 0.5696, 0.5752, 0.5814, 0.5848, 0.5854, 0.5999, 0.6074, 0.6198, 0.6011, 0.5488, 0.5553, 0.6096, 0.6185, 0.6352, 0.6397, 0.6346, 0.628, 0.6317, 0.6361, 0.6506, 0.6462]","[0.7, 0.7, 0.7, 0.7, 0.7, 0.7, 0.7, 0.7, 0.7, 0.7, 0.7, 0.7, 0.7, 0.7, 0.7, 0.7, 0.7, 0.7, 0.7, 0.7, 0.7, 0.7, 0.7, 0.7, 0.7, 0.7, 0.7, 0.7, 0.7, 0.7, 0.7, 0.7, 0.7, 0.7, 0.7, 0.7, 0.7, 0.7, 0.7, 0.7, 0.7, 0.7, 0.7, 0.7, 0.7, 0.7, 0.7, 0.7, 0.6722, 0.5376, 0.5, 0.5, 0.5, 0.5, 0.5, 0.5, 0.5, 0.5, 0.5, 0.5, 0.5, 0.5, 0.5, 0.5, 0.5, 0.5, 0.5, 0.5, 0.5, 0.5, 0.5, 0.5, 0.5, 0.5, 0.5, 0.5, 0.5, 0.5, 0.5, 0.5, 0.5, 0.5, 0.5, 0.5, 0.5, 0.5, 0.5, 0.5, 0.5, 0.5]",0.63
terrain_transition_benchmark,dirt_to_clay,standard,nn,vehicle_rate_64_32_lhs,dirt,sinusoidal,5.0,0,724,/home/ksha/Documents/sbel/SCM_Final_repo/benchmarking/results/terrain_transition_benchmark_20260704_054310/raw/0019_dirt_to_clay_sinusoidal_v5_b0_s724,ok,0,53.87559413909912,24.0,1.0,/home/ksha/Documents/sbel/SCM_Final_repo/benchmarking/results/terrain_transition_benchmark_20260704_054310/raw/0019_dirt_to_clay_sinusoidal_v5_b0_s724/20260704_054837_444243_dirt_sinusoidal_acados_rate_mlp/diag_dirt_sinusoidal_acados_rate_mlp.csv,,,1369,0.3499177328085855,1.052633,0.2332404661572052,4.855217467248909,5.6497,0.9710434934497816,13.802337472607745,15.72,101.43996827084172,98.167815,1.434163,0,0,,,,,,dirt_to_clay,dirt,clay,45.0,2.0,transition,dirt_to_clay,0.6258023723849373,0.6118105384615383,0.7,0.5,0.0741976276150626,0.1118105384615383,0.0952762596080123,3.1135969999999986,0.5879999999999992,1,"[1.639, 1.648, 1.648, 1.649, 1.655, 1.774, 2.105, 2.657, 3.388, 4.206, 5.105, 5.83, 6.452, 7.012, 7.477, 8.023, 8.617, 9.441, 10.536, 11.628, 12.824, 14.059, 15.144, 16.267, 17.27, 18.279, 19.374, 20.509, 21.734, 23.0, 24.208, 25.456, 26.84, 28.318, 29.994, 31.529, 33.002, 34.56, 35.994, 37.359, 38.796, 40.135, 41.622, 43.083, 44.377, 45.798, 47.086, 48.352, 49.701, 51.006, 52.313, 53.548, 54.813, 56.152, 57.421, 58.664, 59.93, 61.115, 62.413, 63.615, 64.906, 66.373, 67.715, 69.08, 70.535, 71.757, 72.838, 73.915, 74.9, 75.972, 77.007, 78.082, 79.224, 80.233, 81.167, 82.178, 83.151, 84.241, 85.338, 86.47, 87.73, 88.881, 90.016, 91.279, 92.393, 93.513, 94.512, 95.532, 96.777, 98.168]","[0.7, 0.7, 0.7, 0.7, 0.7, 0.7, 0.6954, 0.6856, 0.6857, 0.6876, 0.6891, 0.6935, 0.6045, 0.5526, 0.532, 0.5994, 0.6357, 0.643, 0.6145, 0.5515, 0.5389, 0.5374, 0.5536, 0.583, 0.6204, 0.641, 0.6932, 0.7122, 0.7477, 0.7334, 0.7052, 0.6929, 0.6509, 0.6425, 0.6181, 0.6094, 0.5964, 0.5806, 0.5836, 0.5602, 0.564, 0.557, 0.5659, 0.5651, 0.5632, 0.5594, 0.5559, 0.5427, 0.5375, 0.5541, 0.5379, 0.5335, 0.5354, 0.5427, 0.5566, 0.5617, 0.5468, 0.5514, 0.5739, 0.579, 0.5793, 0.5808, 0.5858, 0.587, 0.5876, 0.5822, 0.5848, 0.5909, 0.5919, 0.5865, 0.5811, 0.5784, 0.5752, 0.5799, 0.5842, 0.5898, 0.5855, 0.5731, 0.5875, 0.5981, 0.6083, 0.6053, 0.6051, 0.628, 0.664, 0.6774, 0.6874, 0.6975, 0.7156, 0.7155]","[0.7, 0.7, 0.7, 0.7, 0.7, 0.7, 0.7, 0.7, 0.7, 0.7, 0.7, 0.7, 0.7, 0.7, 0.7, 0.7, 0.7, 0.7, 0.7, 0.7, 0.7, 0.7, 0.7, 0.7, 0.7, 0.7, 0.7, 0.7, 0.7, 0.7, 0.7, 0.7, 0.7, 0.7, 0.7, 0.7, 0.7, 0.7, 0.7, 0.7, 0.7, 0.7, 0.7, 0.7, 0.6623, 0.5202, 0.5, 0.5, 0.5, 0.5, 0.5, 0.5, 0.5, 0.5, 0.5, 0.5, 0.5, 0.5, 0.5, 0.5, 0.5, 0.5, 0.5, 0.5, 0.5, 0.5, 0.5, 0.5, 0.5, 0.5, 0.5, 0.5, 0.5, 0.5, 0.5, 0.5, 0.5, 0.5, 0.5, 0.5, 0.5, 0.5, 0.5, 0.5, 0.5, 0.5, 0.5, 0.5, 0.5, 0.5]",0.63
terrain_transition_benchmark,dirt_to_clay,standard,nn,vehicle_rate_64_32_lhs,dirt,sinusoidal,5.0,0,721,/home/ksha/Documents/sbel/SCM_Final_repo/benchmarking/results/terrain_transition_benchmark_20260704_054310/raw/0016_dirt_to_clay_sinusoidal_v5_b0_s721,ok,0,101.72918486595154,24.0,1.0,/home/ksha/Documents/sbel/SCM_Final_repo/benchmarking/results/terrain_transition_benchmark_20260704_054310/raw/0016_dirt_to_clay_sinusoidal_v5_b0_s721/20260704_054837_412381_dirt_sinusoidal_acados_rate_mlp/diag_dirt_sinusoidal_acados_rate_mlp.csv,,,1355,1.0147603827780072,2.845814,0.6094462183908046,4.836387011494254,6.096565,0.9672774022988508,13.93192619926199,16.152200000000004,100.8589520155919,98.330471,0.502462,0,0,,,,,,dirt_to_clay,dirt,clay,45.0,2.0,transition,dirt_to_clay,0.6167164716981133,0.6136278717948719,0.7,0.5,0.0832835283018866,0.1136278717948718,0.0857587419273249,1.5129370000000009,0.3239999999999998,1,"[1.639, 1.648, 1.648, 1.648, 1.654, 1.734, 1.969, 2.396, 3.039, 3.77, 4.512, 5.255, 5.926, 6.464, 6.917, 7.344, 7.791, 8.348, 9.123, 10.066, 11.086, 12.119, 13.307, 14.315, 15.328, 16.264, 17.272, 18.211, 19.228, 20.268, 21.335, 22.541, 23.683, 24.805, 25.953, 27.175, 28.397, 29.609, 30.745, 31.902, 33.08, 34.243, 35.488, 36.76, 38.233, 39.89, 41.403, 42.893, 44.188, 45.435, 46.673, 47.797, 49.081, 50.503, 51.962, 53.536, 55.14, 56.719, 58.059, 59.329, 60.375, 61.397, 62.514, 63.693, 64.883, 65.936, 66.954, 68.042, 69.36, 70.643, 72.043, 73.61, 75.196, 77.217, 79.072, 80.825, 82.452, 83.836, 85.131, 86.219, 87.209, 88.293, 89.464, 90.762, 92.055, 93.36, 94.651, 95.955, 97.148, 98.33]","[0.7, 0.7, 0.7, 0.7, 0.7, 0.7, 0.6918, 0.6816, 0.6836, 0.6847, 0.6851, 0.6924, 0.6908, 0.6501, 0.5529, 0.5878, 0.6723, 0.6951, 0.6691, 0.6068, 0.5837, 0.5686, 0.5699, 0.616, 0.6357, 0.6816, 0.6989, 0.7372, 0.7511, 0.7632, 0.7671, 0.7312, 0.7122, 0.6819, 0.6708, 0.6327, 0.6275, 0.6104, 0.6112, 0.5843, 0.5661, 0.5623, 0.5496, 0.5354, 0.5598, 0.5699, 0.5927, 0.5723, 0.5532, 0.5478, 0.5416, 0.532, 0.5164, 0.5149, 0.5198, 0.5263, 0.5267, 0.5241, 0.5133, 0.5105, 0.5094, 0.518, 0.54, 0.5437, 0.5672, 0.5891, 0.5926, 0.5947, 0.595, 0.5779, 0.5841, 0.5882, 0.591, 0.6034, 0.6015, 0.6105, 0.6143, 0.573, 0.5574, 0.5905, 0.6106, 0.639, 0.648, 0.6493, 0.6484, 0.6348, 0.6378, 0.6457, 0.6446, 0.6372]","[0.7, 0.7, 0.7, 0.7, 0.7, 0.7, 0.7, 0.7, 0.7, 0.7, 0.7, 0.7, 0.7, 0.7, 0.7, 0.7, 0.7, 0.7, 0.7, 0.7, 0.7, 0.7, 0.7, 0.7, 0.7, 0.7, 0.7, 0.7, 0.7, 0.7, 0.7, 0.7, 0.7, 0.7, 0.7, 0.7, 0.7, 0.7, 0.7, 0.7, 0.7, 0.7, 0.7, 0.7, 0.7, 0.7, 0.7, 0.7, 0.6812, 0.5565, 0.5, 0.5, 0.5, 0.5, 0.5, 0.5, 0.5, 0.5, 0.5, 0.5, 0.5, 0.5, 0.5, 0.5, 0.5, 0.5, 0.5, 0.5, 0.5, 0.5, 0.5, 0.5, 0.5, 0.5, 0.5, 0.5, 0.5, 0.5, 0.5, 0.5, 0.5, 0.5, 0.5, 0.5, 0.5, 0.5, 0.5, 0.5, 0.5, 0.5]",0.63
terrain_transition_benchmark,dirt_to_clay,standard,nn,vehicle_rate_64_32_lhs,dirt,sinusoidal,5.0,0,723,/home/ksha/Documents/sbel/SCM_Final_repo/benchmarking/results/terrain_transition_benchmark_20260704_054310/raw/0018_dirt_to_clay_sinusoidal_v5_b0_s723,ok,0,53.9861900806427,24.0,1.0,/home/ksha/Documents/sbel/SCM_Final_repo/benchmarking/results/terrain_transition_benchmark_20260704_054310/raw/0018_dirt_to_clay_sinusoidal_v5_b0_s723/20260704_054837_422880_dirt_sinusoidal_acados_rate_mlp/diag_dirt_sinusoidal_acados_rate_mlp.csv,,,1375,1.2691152285331229,3.515298,0.7998123797327393,4.947625946547884,6.205839999999999,0.9895251893095768,13.732072727272726,15.259,102.98438551450576,100.110235,1.169018,0,0,,,,,,dirt_to_clay,dirt,clay,45.0,2.0,transition,dirt_to_clay,0.6134895551181102,0.5985337692307692,0.7,0.5,0.0865104448818897,0.0985337692307691,0.0809754630352671,3.2812589999999986,0.6959999999999997,1,"[1.639, 1.648, 1.648, 1.649, 1.654, 1.748, 2.05, 2.521, 3.212, 3.968, 4.746, 5.494, 6.102, 6.664, 7.105, 7.563, 8.047, 8.706, 9.611, 10.676, 11.791, 12.938, 14.064, 15.101, 16.192, 17.126, 18.122, 19.194, 20.242, 21.47, 22.629, 23.832, 25.019, 26.23, 27.512, 28.681, 29.946, 31.128, 32.387, 33.589, 35.099, 36.616, 38.174, 39.927, 41.481, 42.972, 44.264, 45.578, 46.76, 47.991, 49.417, 50.926, 52.533, 54.168, 55.798, 57.202, 58.635, 59.801, 60.893, 62.045, 63.161, 64.358, 65.508, 66.591, 67.547, 68.533, 69.69, 70.818, 72.177, 73.528, 75.033, 76.549, 78.346, 80.045, 81.743, 83.44, 84.876, 86.283, 87.397, 88.43, 89.419, 90.481, 91.663, 92.895, 94.251, 95.488, 96.695, 97.804, 98.961, 100.11]","[0.7, 0.7, 0.7, 0.7, 0.7, 0.7, 0.6747, 0.6611, 0.674, 0.6856, 0.6868, 0.6875, 0.6889, 0.5849, 0.5482, 0.5881, 0.6409, 0.6854, 0.6534, 0.5981, 0.6006, 0.5975, 0.6082, 0.6159, 0.6332, 0.6455, 0.6844, 0.7063, 0.7304, 0.7242, 0.6973, 0.6824, 0.677, 0.6458, 0.6316, 0.6064, 0.5931, 0.5777, 0.564, 0.548, 0.5398, 0.5841, 0.5927, 0.5935, 0.5943, 0.5702, 0.5807, 0.5607, 0.5559, 0.5533, 0.5355, 0.5381, 0.5525, 0.5447, 0.535, 0.5304, 0.5227, 0.51, 0.5099, 0.5426, 0.5538, 0.5457, 0.5585, 0.5759, 0.5805, 0.5727, 0.5656, 0.56, 0.5543, 0.5605, 0.5691, 0.5706, 0.5762, 0.5807, 0.6018, 0.6068, 0.6059, 0.5584, 0.5813, 0.6194, 0.6292, 0.6387, 0.6367, 0.6265, 0.6173, 0.6049, 0.6148, 0.6394, 0.6091, 0.583]","[0.7, 0.7, 0.7, 0.7, 0.7, 0.7, 0.7, 0.7, 0.7, 0.7, 0.7, 0.7, 0.7, 0.7, 0.7, 0.7, 0.7, 0.7, 0.7, 0.7, 0.7, 0.7, 0.7, 0.7, 0.7, 0.7, 0.7, 0.7, 0.7, 0.7, 0.7, 0.7, 0.7, 0.7, 0.7, 0.7, 0.7, 0.7, 0.7, 0.7, 0.7, 0.7, 0.7, 0.7, 0.7, 0.7, 0.6736, 0.5422, 0.5, 0.5, 0.5, 0.5, 0.5, 0.5, 0.5, 0.5, 0.5, 0.5, 0.5, 0.5, 0.5, 0.5, 0.5, 0.5, 0.5, 0.5, 0.5, 0.5, 0.5, 0.5, 0.5, 0.5, 0.5, 0.5, 0.5, 0.5, 0.5, 0.5, 0.5, 0.5, 0.5, 0.5, 0.5, 0.5, 0.5, 0.5, 0.5, 0.5, 0.5, 0.5]",0.63
terrain_transition_benchmark,dirt_to_sand,standard,nn,vehicle_rate_64_32_lhs,dirt,sinusoidal,5.0,0,721,/home/ksha/Documents/sbel/SCM_Final_repo/benchmarking/results/terrain_transition_benchmark_20260704_054310/raw/0021_dirt_to_sand_sinusoidal_v5_b0_s721,ok,0,27.487384796142575,24.0,1.0,/home/ksha/Documents/sbel/SCM_Final_repo/benchmarking/results/terrain_transition_benchmark_20260704_054310/raw/0021_dirt_to_sand_sinusoidal_v5_b0_s721/20260704_054904_291211_dirt_sinusoidal_acados_rate_mlp/diag_dirt_sinusoidal_acados_rate_mlp.csv,,,1323,0.0992011271076412,0.375601,0.056031793224299,4.597445677570093,5.94095,0.9194891355140186,14.179183673469383,15.66,97.5199078266285,95.39756,0.207659,0,0,,,,,,dirt_to_sand,dirt,sand,45.0,2.0,transition,dirt_to_sand,0.608074826446281,0.9040015775075988,0.7,1.1,0.0919251735537189,0.1959984224924013,0.3063519626961738,34.780953999999994,7.968000000000002,1,"[1.64, 1.648, 1.648, 1.648, 1.651, 1.676, 1.849, 2.227, 2.835, 3.569, 4.4, 5.177, 5.924, 6.535, 7.048, 7.533, 8.067, 8.665, 9.438, 10.453, 11.588, 12.68, 13.817, 14.914, 15.877, 16.855, 17.876, 18.884, 19.964, 21.129, 22.334, 23.474, 24.7, 25.956, 27.236, 28.464, 29.737, 30.98, 32.081, 33.295, 34.706, 36.318, 37.939, 39.621, 41.263, 42.719, 44.107, 45.396, 46.632, 47.829, 49.15, 50.651, 52.113, 53.661, 55.226, 56.7, 58.039, 59.174, 60.176, 61.137, 62.221, 63.35, 64.514, 65.632, 66.715, 67.818, 68.899, 70.058, 71.244, 72.489, 73.674, 74.84, 75.934, 77.148, 78.333, 79.409, 80.476, 81.556, 82.663, 83.744, 84.908, 86.095, 87.295, 88.593, 89.824, 91.025, 92.097, 93.192, 94.322, 95.398]","[0.7, 0.7, 0.7, 0.7, 0.7, 0.7, 0.7004, 0.6971, 0.6906, 0.6866, 0.6891, 0.6922, 0.6985, 0.6114, 0.6102, 0.5742, 0.6389, 0.6859, 0.6777, 0.6164, 0.5957, 0.6046, 0.6076, 0.6047, 0.6034, 0.6158, 0.6175, 0.6338, 0.6351, 0.6333, 0.6357, 0.6396, 0.6512, 0.6459, 0.6374, 0.62, 0.6095, 0.5871, 0.5813, 0.5854, 0.5716, 0.5793, 0.5877, 0.5965, 0.5908, 0.6112, 0.5949, 0.5859, 0.5602, 0.5514, 0.5356, 0.5454, 0.5313, 0.5304, 0.5692, 0.5533, 0.5437, 0.5439, 0.5506, 0.5467, 0.5431, 0.5372, 0.5365, 0.5341, 0.5327, 0.5227, 0.5528, 0.5606, 0.5559, 0.5378, 0.5192, 0.5382, 0.6813, 0.7492, 0.8593, 0.902, 0.9705, 0.9987, 1.0426, 1.0573, 1.0684, 1.0807, 1.0834, 1.0849, 1.0845, 1.0851, 1.0839, 1.0836, 1.0838, 1.0847]","[0.7, 0.7, 0.7, 0.7, 0.7, 0.7, 0.7, 0.7, 0.7, 0.7, 0.7, 0.7, 0.7, 0.7, 0.7, 0.7, 0.7, 0.7, 0.7, 0.7, 0.7, 0.7, 0.7, 0.7, 0.7, 0.7, 0.7, 0.7, 0.7, 0.7, 0.7, 0.7, 0.7, 0.7, 0.7, 0.7, 0.7, 0.7, 0.7, 0.7, 0.7, 0.7, 0.7, 0.7, 0.7, 0.7, 0.7213, 0.9791, 1.1, 1.1, 1.1, 1.1, 1.1, 1.1, 1.1, 1.1, 1.1, 1.1, 1.1, 1.1, 1.1, 1.1, 1.1, 1.1, 1.1, 1.1, 1.1, 1.1, 1.1, 1.1, 1.1, 1.1, 1.1, 1.1, 1.1, 1.1, 1.1, 1.1, 1.1, 1.1, 1.1, 1.1, 1.1, 1.1, 1.1, 1.1, 1.1, 1.1, 1.1, 1.1]",0.63
terrain_transition_benchmark,dirt_to_sand,standard,nn,vehicle_rate_64_32_lhs,dirt,sinusoidal,5.0,0,722,/home/ksha/Documents/sbel/SCM_Final_repo/benchmarking/results/terrain_transition_benchmark_20260704_054310/raw/0022_dirt_to_sand_sinusoidal_v5_b0_s722,ok,0,27.44456696510315,24.0,1.0,/home/ksha/Documents/sbel/SCM_Final_repo/benchmarking/results/terrain_transition_benchmark_20260704_054310/raw/0022_dirt_to_sand_sinusoidal_v5_b0_s722/20260704_054904_570303_dirt_sinusoidal_acados_rate_mlp/diag_dirt_sinusoidal_acados_rate_mlp.csv,,,1328,0.1179440198103403,0.320241,0.0915061294797687,5.191019421965318,5.7872,1.0382038843930634,14.215338855421688,15.85,106.617293400194,104.295297,1.59341,0,0,,,,,,dirt_to_sand,dirt,sand,45.0,2.0,transition,dirt_to_sand,0.6441662644628099,0.5716804877384197,0.7,1.1,0.05583373553719,0.5283195122615804,0.3654017989638825,,,1,"[1.639, 1.647, 1.648, 1.648, 1.651, 1.686, 1.857, 2.261, 2.85, 3.586, 4.45, 5.248, 5.969, 6.551, 7.034, 7.509, 7.984, 8.53, 9.401, 10.418, 11.507, 12.653, 13.746, 14.849, 15.906, 16.883, 17.901, 18.95, 19.933, 21.139, 22.337, 23.528, 24.758, 26.019, 27.355, 28.831, 30.359, 31.877, 33.329, 34.644, 36.035, 37.404, 38.711, 40.103, 41.481, 42.912, 44.389, 45.878, 47.313, 48.657, 49.966, 51.181, 52.431, 53.746, 55.158, 56.639, 58.129, 59.628, 60.98, 62.263, 63.535, 64.949, 66.301, 67.732, 69.3, 70.828, 72.316, 73.732, 75.129, 76.425, 77.735, 79.147, 80.662, 82.116, 83.711, 85.263, 86.759, 88.213, 89.527, 90.711, 91.983, 93.235, 94.583, 96.033, 97.469, 98.949, 100.357, 101.774, 103.041, 104.295]","[0.7, 0.7, 0.7, 0.7, 0.7, 0.7, 0.6965, 0.6747, 0.6749, 0.6798, 0.6867, 0.6968, 0.6787, 0.6099, 0.5599, 0.5518, 0.6407, 0.6739, 0.6626, 0.6055, 0.5724, 0.5975, 0.5614, 0.5833, 0.6089, 0.6661, 0.6894, 0.7246, 0.7428, 0.7624, 0.762, 0.7304, 0.7163, 0.6903, 0.6833, 0.6508, 0.6344, 0.6156, 0.6097, 0.5972, 0.5963, 0.5747, 0.5858, 0.5918, 0.5944, 0.5916, 0.5934, 0.5852, 0.5807, 0.5971, 0.6082, 0.5669, 0.5799, 0.5653, 0.5557, 0.5853, 0.5831, 0.6088, 0.6139, 0.5857, 0.5906, 0.5752, 0.5669, 0.5803, 0.5835, 0.6214, 0.6222, 0.6068, 0.6037, 0.5808, 0.568, 0.5536, 0.5687, 0.5814, 0.5711, 0.5857, 0.5747, 0.5847, 0.575, 0.5564, 0.5489, 0.549, 0.5308, 0.5268, 0.5268, 0.5402, 0.5694, 0.5712, 0.5654, 0.545]","[0.7, 0.7, 0.7, 0.7, 0.7, 0.7, 0.7, 0.7, 0.7, 0.7, 0.7, 0.7, 0.7, 0.7, 0.7, 0.7, 0.7, 0.7, 0.7, 0.7, 0.7, 0.7, 0.7, 0.7, 0.7, 0.7, 0.7, 0.7, 0.7, 0.7, 0.7, 0.7, 0.7, 0.7, 0.7, 0.7, 0.7, 0.7, 0.7, 0.7, 0.7, 0.7, 0.7, 0.7, 0.7, 0.7, 0.7777, 1.0757, 1.1, 1.1, 1.1, 1.1, 1.1, 1.1, 1.1, 1.1, 1.1, 1.1, 1.1, 1.1, 1.1, 1.1, 1.1, 1.1, 1.1, 1.1, 1.1, 1.1, 1.1, 1.1, 1.1, 1.1, 1.1, 1.1, 1.1, 1.1, 1.1, 1.1, 1.1, 1.1, 1.1, 1.1, 1.1, 1.1, 1.1, 1.1, 1.1, 1.1, 1.1, 1.1]",0.63
terrain_transition_benchmark,dirt_to_sand,standard,nn,vehicle_rate_64_32_lhs,dirt,sinusoidal,5.0,0,723,/home/ksha/Documents/sbel/SCM_Final_repo/benchmarking/results/terrain_transition_benchmark_20260704_054310/raw/0023_dirt_to_sand_sinusoidal_v5_b0_s723,ok,0,27.482399225234985,24.0,1.0,/home/ksha/Documents/sbel/SCM_Final_repo/benchmarking/results/terrain_transition_benchmark_20260704_054310/raw/0023_dirt_to_sand_sinusoidal_v5_b0_s723/20260704_054904_417416_dirt_sinusoidal_acados_rate_mlp/diag_dirt_sinusoidal_acados_rate_mlp.csv,,,1462,0.0473098013711882,0.139615,0.0363555352260778,4.438424185068349,5.7848500000000005,0.8876848370136697,12.87609439124487,13.98,94.70701574260778,92.688024,-0.95477,0,0,,,,,,dirt_to_sand,dirt,sand,45.0,2.0,transition,dirt_to_sand,0.6270513626373626,1.090952287037037,0.7,1.1,0.0729486373626373,0.0090477129629631,0.2319250829237855,20.403563000000005,5.0280000000000005,1,"[1.639, 1.648, 1.648, 1.648, 1.653, 1.72, 1.943, 2.438, 3.035, 3.853, 4.688, 5.502, 6.143, 6.714, 7.207, 7.686, 8.212, 8.885, 9.759, 10.827, 11.891, 13.031, 14.099, 15.212, 16.144, 17.091, 18.081, 19.071, 20.189, 21.295, 22.488, 23.676, 24.849, 26.161, 27.38, 28.656, 29.86, 31.039, 32.297, 33.428, 34.755, 36.124, 37.582, 39.3, 40.882, 42.514, 43.882, 45.193, 46.309, 47.275, 48.361, 49.417, 50.518, 51.551, 52.607, 53.791, 54.905, 56.143, 57.29, 58.538, 59.665, 60.819, 62.039, 63.088, 64.223, 65.263, 66.302, 67.451, 68.524, 69.729, 70.862, 72.056, 73.296, 74.522, 75.718, 76.792, 77.929, 78.96, 79.982, 81.099, 82.141, 83.308, 84.406, 85.689, 86.939, 88.085, 89.324, 90.439, 91.627, 92.688]","[0.7, 0.7, 0.7, 0.7, 0.7, 0.7, 0.7, 0.6909, 0.6914, 0.6918, 0.6899, 0.707, 0.7104, 0.6328, 0.5722, 0.5739, 0.6725, 0.6787, 0.6452, 0.5951, 0.5937, 0.6183, 0.614, 0.6196, 0.655, 0.6688, 0.6776, 0.7066, 0.7463, 0.7591, 0.7326, 0.6978, 0.6877, 0.6387, 0.6296, 0.6389, 0.6246, 0.6211, 0.6222, 0.5878, 0.5792, 0.5591, 0.5668, 0.5827, 0.5812, 0.5639, 0.5527, 0.549, 0.5376, 0.5534, 0.5377, 0.5385, 0.5373, 0.5472, 0.5606, 0.5935, 0.6368, 0.6437, 0.6406, 0.6062, 0.5728, 0.5601, 0.5968, 0.725, 0.8413, 0.89, 0.967, 1.0203, 1.0397, 1.0673, 1.0806, 1.0843, 1.0872, 1.0873, 1.0869, 1.0854, 1.0855, 1.0872, 1.0912, 1.0941, 1.0975, 1.0983, 1.0984, 1.0991, 1.0971, 1.0972, 1.0953, 1.0945, 1.0898, 1.0872]","[0.7, 0.7, 0.7, 0.7, 0.7, 0.7, 0.7, 0.7, 0.7, 0.7, 0.7, 0.7, 0.7, 0.7, 0.7, 0.7, 0.7, 0.7, 0.7, 0.7, 0.7, 0.7, 0.7, 0.7, 0.7, 0.7, 0.7, 0.7, 0.7, 0.7, 0.7, 0.7, 0.7, 0.7, 0.7, 0.7, 0.7, 0.7, 0.7, 0.7, 0.7, 0.7, 0.7, 0.7, 0.7, 0.7, 0.7, 0.9387, 1.1, 1.1, 1.1, 1.1, 1.1, 1.1, 1.1, 1.1, 1.1, 1.1, 1.1, 1.1, 1.1, 1.1, 1.1, 1.1, 1.1, 1.1, 1.1, 1.1, 1.1, 1.1, 1.1, 1.1, 1.1, 1.1, 1.1, 1.1, 1.1, 1.1, 1.1, 1.1, 1.1, 1.1, 1.1, 1.1, 1.1, 1.1, 1.1, 1.1, 1.1, 1.1]",0.63
terrain_transition_benchmark,dirt_to_sand,standard,nn,vehicle_rate_64_32_lhs,dirt,sinusoidal,5.0,0,724,/home/ksha/Documents/sbel/SCM_Final_repo/benchmarking/results/terrain_transition_benchmark_20260704_054310/raw/0024_dirt_to_sand_sinusoidal_v5_b0_s724,ok,0,27.292436361312863,24.0,1.0,/home/ksha/Documents/sbel/SCM_Final_repo/benchmarking/results/terrain_transition_benchmark_20260704_054310/raw/0024_dirt_to_sand_sinusoidal_v5_b0_s724/20260704_054904_937318_dirt_sinusoidal_acados_rate_mlp/diag_dirt_sinusoidal_acados_rate_mlp.csv,,,1450,0.0407358225260577,0.106346,0.0330028723628691,4.426254113924051,5.70419,0.8852508227848102,13.063165517241377,14.0902,93.1902090246283,91.227516,-1.463592,0,0,,,,,,dirt_to_sand,dirt,sand,45.0,2.0,transition,dirt_to_sand,0.6330057220216608,1.0877847109634553,0.7,1.1,0.0669942779783391,0.0122152890365447,0.2208063255203764,19.67137,4.859999999999999,1,"[1.639, 1.647, 1.648, 1.649, 1.655, 1.716, 1.932, 2.337, 2.892, 3.675, 4.504, 5.304, 5.972, 6.599, 7.081, 7.563, 8.06, 8.715, 9.498, 10.403, 11.466, 12.532, 13.579, 14.578, 15.565, 16.471, 17.371, 18.395, 19.429, 20.507, 21.571, 22.773, 23.917, 25.094, 26.406, 27.62, 28.833, 30.031, 31.31, 32.555, 33.674, 34.895, 36.143, 37.532, 39.13, 40.787, 42.315, 43.779, 45.047, 46.236, 47.218, 48.241, 49.297, 50.31, 51.38, 52.432, 53.608, 54.717, 55.85, 57.1, 58.296, 59.529, 60.639, 61.823, 62.882, 63.92, 65.046, 66.08, 67.172, 68.238, 69.434, 70.609, 71.853, 73.095, 74.224, 75.381, 76.461, 77.609, 78.638, 79.657, 80.732, 81.814, 82.968, 84.158, 85.381, 86.523, 87.67, 88.862, 90.086, 91.228]","[0.7, 0.7, 0.7, 0.7, 0.7, 0.7, 0.7, 0.6873, 0.6913, 0.6899, 0.6895, 0.6864, 0.6887, 0.6188, 0.5641, 0.536, 0.6141, 0.6522, 0.6115, 0.5435, 0.526, 0.5498, 0.5516, 0.5712, 0.6367, 0.6587, 0.7007, 0.7312, 0.7441, 0.7539, 0.7656, 0.7434, 0.7148, 0.6991, 0.6559, 0.636, 0.625, 0.6229, 0.6049, 0.5995, 0.586, 0.5794, 0.5857, 0.5624, 0.5751, 0.5968, 0.5893, 0.5567, 0.5604, 0.5472, 0.5471, 0.5403, 0.5373, 0.5315, 0.5404, 0.5641, 0.6136, 0.6398, 0.6801, 0.6939, 0.6873, 0.6559, 0.6649, 0.704, 0.8147, 0.8622, 0.94, 0.9987, 1.0197, 1.0501, 1.0682, 1.0735, 1.0796, 1.0834, 1.0838, 1.083, 1.0827, 1.0826, 1.0838, 1.0854, 1.0907, 1.0958, 1.0962, 1.0982, 1.0976, 1.0959, 1.0903, 1.0896, 1.0868, 1.0865]","[0.7, 0.7, 0.7, 0.7, 0.7, 0.7, 0.7, 0.7, 0.7, 0.7, 0.7, 0.7, 0.7, 0.7, 0.7, 0.7, 0.7, 0.7, 0.7, 0.7, 0.7, 0.7, 0.7, 0.7, 0.7, 0.7, 0.7, 0.7, 0.7, 0.7, 0.7, 0.7, 0.7, 0.7, 0.7, 0.7, 0.7, 0.7, 0.7, 0.7, 0.7, 0.7, 0.7, 0.7, 0.7, 0.7, 0.7, 0.7, 0.9095, 1.1, 1.1, 1.1, 1.1, 1.1, 1.1, 1.1, 1.1, 1.1, 1.1, 1.1, 1.1, 1.1, 1.1, 1.1, 1.1, 1.1, 1.1, 1.1, 1.1, 1.1, 1.1, 1.1, 1.1, 1.1, 1.1, 1.1, 1.1, 1.1, 1.1, 1.1, 1.1, 1.1, 1.1, 1.1, 1.1, 1.1, 1.1, 1.1, 1.1, 1.1]",0.63
terrain_transition_benchmark,sand_to_dirt,standard,nn,vehicle_rate_64_32_lhs,sand,sinusoidal,5.0,0,720,/home/ksha/Documents/sbel/SCM_Final_repo/benchmarking/results/terrain_transition_benchmark_20260704_054310/raw/0025_sand_to_dirt_sinusoidal_v5_b0_s720,ok,0,27.29980087280273,24.0,1.0,/home/ksha/Documents/sbel/SCM_Final_repo/benchmarking/results/terrain_transition_benchmark_20260704_054310/raw/0025_sand_to_dirt_sinusoidal_v5_b0_s720/20260704_054904_946890_sand_sinusoidal_acados_rate_mlp/diag_sand_sinusoidal_acados_rate_mlp.csv,,,1268,0.1256134429332502,0.423097,0.0863016541262136,5.091557281553397,6.461339999999998,1.0183114563106794,14.906127760252367,15.9666,101.98839421444634,99.420273,1.585499,0,0,,,,,,sand_to_dirt,sand,dirt,45.0,2.0,transition,sand_to_dirt,1.0901907898550725,0.6642161888888889,1.1,0.7,0.0098092101449276,0.035783811111111,0.2689435285635201,15.345390000000002,3.1080000000000005,1,"[1.644, 1.648, 1.648, 1.649, 1.653, 1.705, 1.901, 2.299, 2.84, 3.523, 4.266, 4.989, 5.548, 5.961, 6.305, 6.624, 6.95, 7.442, 8.114, 8.905, 9.856, 10.837, 11.832, 12.796, 13.794, 14.67, 15.541, 16.456, 17.547, 18.613, 19.589, 20.584, 21.65, 22.732, 23.801, 24.903, 26.029, 27.27, 28.456, 29.633, 30.785, 31.961, 33.011, 34.089, 35.118, 36.248, 37.3, 38.373, 39.524, 40.752, 41.997, 43.189, 44.313, 45.513, 46.598, 47.675, 48.786, 49.854, 51.042, 52.225, 53.583, 55.201, 56.99, 58.811, 60.587, 62.389, 64.121, 65.621, 66.984, 68.416, 69.955, 71.501, 73.179, 74.813, 76.43, 78.067, 79.524, 81.01, 82.454, 84.089, 85.692, 87.193, 88.753, 90.306, 91.706, 93.065, 94.537, 96.138, 97.75, 99.42]","[0.7, 0.7, 0.7, 0.7, 0.7, 0.7, 0.7, 0.6547, 0.6674, 0.6742, 0.689, 0.6986, 0.6933, 0.6438, 0.5942, 0.6113, 0.5788, 0.6321, 0.6379, 0.6179, 0.6046, 0.5968, 0.6257, 0.6763, 0.7935, 0.8298, 0.8657, 0.8802, 0.9473, 0.9814, 1.0106, 1.0548, 1.0702, 1.0927, 1.0974, 1.0991, 1.0992, 1.0914, 1.0868, 1.0868, 1.0822, 1.0791, 1.0778, 1.0807, 1.0837, 1.0923, 1.0969, 1.0996, 1.0999, 1.0997, 1.1, 1.1, 1.0991, 1.0976, 1.0924, 1.0911, 1.0906, 1.0899, 1.0861, 1.0725, 1.053, 1.0202, 0.9485, 0.918, 0.8331, 0.8042, 0.7688, 0.7564, 0.7452, 0.7328, 0.7285, 0.7286, 0.7301, 0.7233, 0.7139, 0.7109, 0.6957, 0.6774, 0.6557, 0.6392, 0.6246, 0.6177, 0.6266, 0.6416, 0.6451, 0.6418, 0.6365, 0.6226, 0.6144, 0.6092]","[1.1, 1.1, 1.1, 1.1, 1.1, 1.1, 1.1, 1.1, 1.1, 1.1, 1.1, 1.1, 1.1, 1.1, 1.1, 1.1, 1.1, 1.1, 1.1, 1.1, 1.1, 1.1, 1.1, 1.1, 1.1, 1.1, 1.1, 1.1, 1.1, 1.1, 1.1, 1.1, 1.1, 1.1, 1.1, 1.1, 1.1, 1.1, 1.1, 1.1, 1.1, 1.1, 1.1, 1.1, 1.1, 1.1, 1.1, 1.1, 1.1, 1.1, 1.1, 1.1, 1.0375, 0.7974, 0.7, 0.7, 0.7, 0.7, 0.7, 0.7, 0.7, 0.7, 0.7, 0.7, 0.7, 0.7, 0.7, 0.7, 0.7, 0.7, 0.7, 0.7, 0.7, 0.7, 0.7, 0.7, 0.7, 0.7, 0.7, 0.7, 0.7, 0.7, 0.7, 0.7, 0.7, 0.7, 0.7, 0.7, 0.7, 0.7]",0.63
terrain_transition_benchmark,sand_to_dirt,standard,nn,vehicle_rate_64_32_lhs,sand,sinusoidal,5.0,0,721,/home/ksha/Documents/sbel/SCM_Final_repo/benchmarking/results/terrain_transition_benchmark_20260704_054310/raw/0026_sand_to_dirt_sinusoidal_v5_b0_s721,ok,0,27.32864642143249,24.0,1.0,/home/ksha/Documents/sbel/SCM_Final_repo/benchmarking/results/terrain_transition_benchmark_20260704_054310/raw/0026_sand_to_dirt_sinusoidal_v5_b0_s721/20260704_054904_975023_sand_sinusoidal_acados_rate_mlp/diag_sand_sinusoidal_acados_rate_mlp.csv,,,1391,0.1289129333948763,0.405563,0.0882100895027624,5.071478121546961,6.436599999999999,1.014295624309392,13.590769230769228,14.971,102.1782163832068,99.624079,1.611777,0,0,,,,,,sand_to_dirt,sand,dirt,45.0,2.0,transition,sand_to_dirt,1.0912459278688524,0.6635583333333334,1.1,0.7,0.0087540721311476,0.0364416666666665,0.2593542095184107,15.107996,3.084,1,"[1.641, 1.648, 1.648, 1.648, 1.654, 1.753, 2.042, 2.466, 3.096, 3.82, 4.524, 5.216, 5.712, 6.119, 6.465, 6.764, 7.161, 7.77, 8.494, 9.398, 10.316, 11.372, 12.424, 13.342, 14.298, 15.138, 16.062, 17.078, 18.091, 19.156, 20.185, 21.147, 22.222, 23.232, 24.369, 25.537, 26.671, 27.863, 29.045, 30.313, 31.455, 32.52, 33.606, 34.679, 35.711, 36.801, 37.813, 38.947, 40.112, 41.3, 42.596, 43.782, 44.898, 46.039, 47.123, 48.238, 49.351, 50.377, 51.573, 52.682, 54.213, 55.959, 57.634, 59.545, 61.381, 63.047, 64.631, 66.012, 67.407, 68.876, 70.273, 71.942, 73.541, 75.233, 76.83, 78.311, 79.806, 81.275, 82.702, 84.312, 85.75, 87.379, 89.034, 90.517, 92.034, 93.482, 94.876, 96.429, 97.97, 99.624]","[0.7, 0.7, 0.7, 0.7, 0.7, 0.7, 0.6727, 0.6678, 0.6768, 0.6841, 0.7008, 0.6958, 0.6955, 0.6046, 0.5593, 0.5996, 0.6695, 0.6797, 0.6483, 0.6478, 0.6305, 0.6271, 0.6735, 0.7799, 0.8259, 0.8925, 0.9153, 0.962, 0.988, 1.0365, 1.0729, 1.0796, 1.0885, 1.0955, 1.0995, 1.0998, 1.0932, 1.0891, 1.0912, 1.09, 1.0855, 1.0777, 1.076, 1.0787, 1.0825, 1.0932, 1.0974, 1.0997, 1.1, 1.1, 1.1, 1.1, 1.0979, 1.0977, 1.0915, 1.0883, 1.0872, 1.0832, 1.0805, 1.0638, 1.04, 0.9699, 0.9329, 0.8699, 0.7945, 0.7744, 0.7518, 0.7416, 0.7325, 0.7305, 0.7289, 0.7343, 0.7313, 0.7217, 0.7132, 0.6946, 0.6854, 0.6647, 0.6531, 0.6375, 0.6247, 0.6255, 0.6323, 0.6479, 0.6469, 0.6372, 0.6347, 0.6251, 0.6132, 0.6065]","[1.1, 1.1, 1.1, 1.1, 1.1, 1.1, 1.1, 1.1, 1.1, 1.1, 1.1, 1.1, 1.1, 1.1, 1.1, 1.1, 1.1, 1.1, 1.1, 1.1, 1.1, 1.1, 1.1, 1.1, 1.1, 1.1, 1.1, 1.1, 1.1, 1.1, 1.1, 1.1, 1.1, 1.1, 1.1, 1.1, 1.1, 1.1, 1.1, 1.1, 1.1, 1.1, 1.1, 1.1, 1.1, 1.1, 1.1, 1.1, 1.1, 1.1, 1.1, 1.1, 0.9205, 0.7, 0.7, 0.7, 0.7, 0.7, 0.7, 0.7, 0.7, 0.7, 0.7, 0.7, 0.7, 0.7, 0.7, 0.7, 0.7, 0.7, 0.7, 0.7, 0.7, 0.7, 0.7, 0.7, 0.7, 0.7, 0.7, 0.7, 0.7, 0.7, 0.7, 0.7, 0.7, 0.7, 0.7, 0.7, 0.7, 0.7]",0.63
terrain_transition_benchmark,sand_to_dirt,standard,nn,vehicle_rate_64_32_lhs,sand,sinusoidal,5.0,0,722,/home/ksha/Documents/sbel/SCM_Final_repo/benchmarking/results/terrain_transition_benchmark_20260704_054310/raw/0027_sand_to_dirt_sinusoidal_v5_b0_s722,ok,0,26.79598617553711,24.0,1.0,/home/ksha/Documents/sbel/SCM_Final_repo/benchmarking/results/terrain_transition_benchmark_20260704_054310/raw/0027_sand_to_dirt_sinusoidal_v5_b0_s722/20260704_054931_357508_sand_sinusoidal_acados_rate_mlp/diag_sand_sinusoidal_acados_rate_mlp.csv,,,1995,0.1109972972626079,0.320832,0.0780243511278195,5.104572030075188,6.45461,1.0209144060150377,9.34669172932331,9.9706,102.30428486895454,99.896593,1.541055,0,0,,,,,,sand_to_dirt,sand,dirt,45.0,2.0,transition,sand_to_dirt,1.0962992121896162,0.6588680474040632,1.1,0.7,0.0037007878103838,0.0411319525959367,0.2560112738244492,13.670488,2.868000000000002,1,"[1.644, 1.648, 1.648, 1.653, 1.704, 1.914, 2.32, 2.931, 3.669, 4.484, 5.188, 5.738, 6.179, 6.515, 6.861, 7.288, 7.87, 8.645, 9.523, 10.536, 11.547, 12.543, 13.533, 14.429, 15.332, 16.204, 17.166, 18.122, 19.141, 20.222, 21.227, 22.304, 23.36, 24.444, 25.609, 26.74, 27.978, 29.106, 30.215, 31.347, 32.455, 33.542, 34.575, 35.608, 36.697, 37.76, 38.893, 40.006, 41.14, 42.334, 43.471, 44.642, 45.739, 46.825, 47.945, 49.006, 50.123, 51.212, 52.346, 53.702, 55.175, 56.87, 58.67, 60.436, 62.246, 63.862, 65.4, 66.8, 68.256, 69.658, 71.089, 72.627, 74.133, 75.725, 77.244, 78.743, 80.279, 81.725, 83.268, 84.771, 86.267, 87.797, 89.23, 90.726, 92.179, 93.658, 95.216, 96.733, 98.354, 99.897]","[0.7, 0.7, 0.7, 0.7, 0.7, 0.6807, 0.6758, 0.6889, 0.6898, 0.7091, 0.6997, 0.6928, 0.5551, 0.5246, 0.5963, 0.6633, 0.6496, 0.5851, 0.5543, 0.5339, 0.5908, 0.7552, 0.8625, 0.9408, 0.9789, 1.0201, 1.053, 1.0756, 1.0911, 1.0986, 1.0998, 1.0998, 1.1, 1.1, 1.1, 1.0998, 1.0998, 1.0999, 1.0976, 1.0881, 1.0823, 1.0831, 1.0876, 1.0917, 1.0983, 1.0998, 1.1, 1.1, 1.1, 1.1, 1.0986, 1.0927, 1.0878, 1.0846, 1.0836, 1.0833, 1.082, 1.0737, 1.051, 1.0089, 0.9493, 0.9003, 0.8371, 0.801, 0.7774, 0.7634, 0.7449, 0.7337, 0.7295, 0.7282, 0.7332, 0.7384, 0.7389, 0.7252, 0.7189, 0.6974, 0.6824, 0.6529, 0.6365, 0.6193, 0.6102, 0.6122, 0.6213, 0.6392, 0.6391, 0.6322, 0.6237, 0.6089, 0.6005, 0.6003]","[1.1, 1.1, 1.1, 1.1, 1.1, 1.1, 1.1, 1.1, 1.1, 1.1, 1.1, 1.1, 1.1, 1.1, 1.1, 1.1, 1.1, 1.1, 1.1, 1.1, 1.1, 1.1, 1.1, 1.1, 1.1, 1.1, 1.1, 1.1, 1.1, 1.1, 1.1, 1.1, 1.1, 1.1, 1.1, 1.1, 1.1, 1.1, 1.1, 1.1, 1.1, 1.1, 1.1, 1.1, 1.1, 1.1, 1.1, 1.1, 1.1, 1.1, 1.1, 0.9717, 0.7522, 0.7, 0.7, 0.7, 0.7, 0.7, 0.7, 0.7, 0.7, 0.7, 0.7, 0.7, 0.7, 0.7, 0.7, 0.7, 0.7, 0.7, 0.7, 0.7, 0.7, 0.7, 0.7, 0.7, 0.7, 0.7, 0.7, 0.7, 0.7, 0.7, 0.7, 0.7, 0.7, 0.7, 0.7, 0.7, 0.7, 0.7]",0.63
terrain_transition_benchmark,sand_to_dirt,standard,nn,vehicle_rate_64_32_lhs,sand,sinusoidal,5.0,0,723,/home/ksha/Documents/sbel/SCM_Final_repo/benchmarking/results/terrain_transition_benchmark_20260704_054310/raw/0028_sand_to_dirt_sinusoidal_v5_b0_s723,ok,0,26.797797441482544,24.0,1.0,/home/ksha/Documents/sbel/SCM_Final_repo/benchmarking/results/terrain_transition_benchmark_20260704_054310/raw/0028_sand_to_dirt_sinusoidal_v5_b0_s723/20260704_054931_430236_sand_sinusoidal_acados_rate_mlp/diag_sand_sinusoidal_acados_rate_mlp.csv,,,2000,0.1003827690403776,0.289737,0.0723941072768192,5.07738784696174,6.464319999999999,1.015477569392348,9.2505,9.7702,101.71976541193514,99.317254,1.484457,0,0,,,,,,sand_to_dirt,sand,dirt,45.0,2.0,transition,sand_to_dirt,1.0934713161434977,0.6525062675736961,1.1,0.7,0.0065286838565024,0.0474937324263038,0.2531076846446607,13.151367,2.783999999999999,1,"[1.642, 1.648, 1.648, 1.652, 1.707, 1.923, 2.357, 2.947, 3.714, 4.469, 5.165, 5.677, 6.081, 6.402, 6.722, 7.162, 7.751, 8.531, 9.413, 10.425, 11.428, 12.458, 13.395, 14.324, 15.192, 16.123, 17.063, 18.036, 19.061, 20.05, 21.104, 22.13, 23.225, 24.307, 25.472, 26.605, 27.795, 28.927, 30.094, 31.185, 32.25, 33.341, 34.376, 35.452, 36.491, 37.591, 38.668, 39.826, 40.956, 42.149, 43.284, 44.407, 45.553, 46.64, 47.764, 48.828, 49.949, 51.042, 52.223, 53.517, 55.052, 56.671, 58.47, 60.238, 61.979, 63.683, 65.17, 66.633, 68.004, 69.445, 70.852, 72.366, 73.847, 75.412, 76.905, 78.443, 79.884, 81.297, 82.807, 84.29, 85.847, 87.311, 88.809, 90.226, 91.721, 93.174, 94.714, 96.208, 97.795, 99.317]","[0.7, 0.7, 0.7, 0.7, 0.7, 0.6968, 0.6887, 0.6935, 0.691, 0.7081, 0.6953, 0.6885, 0.5558, 0.548, 0.6274, 0.6713, 0.6193, 0.6139, 0.5708, 0.5315, 0.6271, 0.751, 0.8607, 0.931, 0.978, 1.0024, 1.0281, 1.0585, 1.0834, 1.0896, 1.0837, 1.0796, 1.0964, 1.0996, 1.0978, 1.0907, 1.0943, 1.0982, 1.0926, 1.0847, 1.0814, 1.0847, 1.0899, 1.0956, 1.0994, 1.1, 1.1, 1.1, 1.1, 1.1, 1.1, 1.0979, 1.091, 1.085, 1.0836, 1.0839, 1.0843, 1.0738, 1.0555, 1.0131, 0.9532, 0.8788, 0.834, 0.7776, 0.7441, 0.7308, 0.7247, 0.722, 0.7197, 0.7224, 0.7298, 0.733, 0.7355, 0.7222, 0.7135, 0.7008, 0.6788, 0.6417, 0.6265, 0.6159, 0.6038, 0.6037, 0.6168, 0.6355, 0.6394, 0.6292, 0.618, 0.604, 0.5886, 0.5825]","[1.1, 1.1, 1.1, 1.1, 1.1, 1.1, 1.1, 1.1, 1.1, 1.1, 1.1, 1.1, 1.1, 1.1, 1.1, 1.1, 1.1, 1.1, 1.1, 1.1, 1.1, 1.1, 1.1, 1.1, 1.1, 1.1, 1.1, 1.1, 1.1, 1.1, 1.1, 1.1, 1.1, 1.1, 1.1, 1.1, 1.1, 1.1, 1.1, 1.1, 1.1, 1.1, 1.1, 1.1, 1.1, 1.1, 1.1, 1.1, 1.1, 1.1, 1.1, 1.0185, 0.7893, 0.7, 0.7, 0.7, 0.7, 0.7, 0.7, 0.7, 0.7, 0.7, 0.7, 0.7, 0.7, 0.7, 0.7, 0.7, 0.7, 0.7, 0.7, 0.7, 0.7, 0.7, 0.7, 0.7, 0.7, 0.7, 0.7, 0.7, 0.7, 0.7, 0.7, 0.7, 0.7, 0.7, 0.7, 0.7, 0.7, 0.7]",0.63
terrain_transition_benchmark,sand_to_dirt,standard,nn,vehicle_rate_64_32_lhs,sand,sinusoidal,5.0,0,724,/home/ksha/Documents/sbel/SCM_Final_repo/benchmarking/results/terrain_transition_benchmark_20260704_054310/raw/0029_sand_to_dirt_sinusoidal_v5_b0_s724,ok,0,26.7479510307312,24.0,1.0,/home/ksha/Documents/sbel/SCM_Final_repo/benchmarking/results/terrain_transition_benchmark_20260704_054310/raw/0029_sand_to_dirt_sinusoidal_v5_b0_s724/20260704_054931_530386_sand_sinusoidal_acados_rate_mlp/diag_sand_sinusoidal_acados_rate_mlp.csv,,,1938,0.1220095801115215,0.448325,0.0802895659340659,5.094627394034537,6.445634999999999,1.018925478806907,9.6468782249742,10.4863,102.27815313738633,99.67725,1.694556,0,0,,,,,,sand_to_dirt,sand,dirt,45.0,2.0,transition,sand_to_dirt,1.094908273148148,0.6643709641148325,1.1,0.7,0.0050917268518519,0.0356290358851674,0.252984917131147,14.233854999999998,2.952,1,"[1.642, 1.648, 1.648, 1.651, 1.693, 1.888, 2.278, 2.813, 3.524, 4.291, 4.993, 5.532, 5.962, 6.301, 6.615, 6.967, 7.478, 8.186, 9.009, 9.939, 10.885, 11.936, 12.906, 13.828, 14.672, 15.548, 16.463, 17.421, 18.354, 19.339, 20.382, 21.396, 22.384, 23.441, 24.533, 25.651, 26.788, 27.875, 29.007, 30.124, 31.316, 32.38, 33.465, 34.54, 35.622, 36.665, 37.775, 38.908, 40.072, 41.209, 42.403, 43.641, 44.858, 45.948, 47.08, 48.197, 49.312, 50.438, 51.489, 52.716, 54.136, 55.736, 57.481, 59.395, 61.243, 63.002, 64.54, 66.005, 67.409, 68.823, 70.209, 71.786, 73.357, 75.029, 76.623, 78.114, 79.638, 81.194, 82.711, 84.209, 85.796, 87.363, 88.894, 90.328, 91.88, 93.384, 94.916, 96.392, 97.982, 99.677]","[0.7, 0.7, 0.7, 0.7, 0.7, 0.6959, 0.6845, 0.6907, 0.6867, 0.7014, 0.7059, 0.6912, 0.603, 0.5268, 0.5799, 0.6556, 0.684, 0.599, 0.5875, 0.58, 0.6001, 0.671, 0.8449, 0.9209, 0.9561, 0.9683, 0.9876, 1.0155, 1.056, 1.0807, 1.0954, 1.0985, 1.0996, 1.0999, 1.1, 1.1, 1.0999, 1.1, 1.1, 1.0931, 1.0833, 1.0795, 1.0795, 1.0815, 1.085, 1.0966, 1.0996, 1.0999, 1.1, 1.1, 1.0993, 1.0928, 1.0881, 1.0849, 1.0826, 1.0825, 1.0836, 1.0789, 1.0713, 1.0519, 1.0025, 0.9449, 0.8807, 0.8341, 0.7993, 0.7748, 0.756, 0.7391, 0.7236, 0.7242, 0.7269, 0.7332, 0.7329, 0.7213, 0.7128, 0.7042, 0.6832, 0.6586, 0.6407, 0.6325, 0.6205, 0.6308, 0.6422, 0.6549, 0.6552, 0.6444, 0.6333, 0.6226, 0.6129, 0.6259]","[1.1, 1.1, 1.1, 1.1, 1.1, 1.1, 1.1, 1.1, 1.1, 1.1, 1.1, 1.1, 1.1, 1.1, 1.1, 1.1, 1.1, 1.1, 1.1, 1.1, 1.1, 1.1, 1.1, 1.1, 1.1, 1.1, 1.1, 1.1, 1.1, 1.1, 1.1, 1.1, 1.1, 1.1, 1.1, 1.1, 1.1, 1.1, 1.1, 1.1, 1.1, 1.1, 1.1, 1.1, 1.1, 1.1, 1.1, 1.1, 1.1, 1.1, 1.1, 1.1, 0.9285, 0.7105, 0.7, 0.7, 0.7, 0.7, 0.7, 0.7, 0.7, 0.7, 0.7, 0.7, 0.7, 0.7, 0.7, 0.7, 0.7, 0.7, 0.7, 0.7, 0.7, 0.7, 0.7, 0.7, 0.7, 0.7, 0.7, 0.7, 0.7, 0.7, 0.7, 0.7, 0.7, 0.7, 0.7, 0.7, 0.7, 0.7]",0.63
